audio_name,GA_effects
0.mp3,
1.mp3,
2.mp3,
3.mp3,
4.mp3,
5.mp3,
6.mp3,
7.mp3,
8.mp3,
9.mp3,
10.mp3,
11.mp3,
12.mp3,
13.mp3,
14.mp3,
15.mp3,
16.mp3,
17.mp3,
18.mp3,
19.mp3,
20.mp3,
21.mp3,
22.mp3,
23.mp3,
24.mp3,
25.mp3,
26.mp3,
27.mp3,
28.mp3,
29.mp3,
30.mp3,
31.mp3,
32.mp3,
33.mp3,
34.mp3,
35.mp3,
36.mp3,
37.mp3,
38.mp3,
39.mp3,
40.mp3,
41.mp3,
42.mp3,
43.mp3,
44.mp3,
45.mp3,
46.mp3,
47.mp3,
48.mp3,
49.mp3,
50.mp3,
51.mp3,
52.mp3,
53.mp3,
54.mp3,
55.mp3,
56.mp3,
57.mp3,
58.mp3,
59.mp3,
60.mp3,
61.mp3,
62.mp3,
63.mp3,
64.mp3,
65.mp3,
66.mp3,
67.mp3,
68.mp3,
69.mp3,
70.mp3,
71.mp3,
72.mp3,
73.mp3,
74.mp3,
75.mp3,
76.mp3,
77.mp3,
78.mp3,
79.mp3,
80.mp3,
81.mp3,
82.mp3,
83.mp3,
84.mp3,
85.mp3,
86.mp3,
87.mp3,
88.mp3,
89.mp3,
90.mp3,
91.mp3,
92.mp3,
93.mp3,
94.mp3,
95.mp3,
96.mp3,
97.mp3,
98.mp3,
99.mp3,
100.mp3,
101.mp3,
102.mp3,
103.mp3,
104.mp3,
105.mp3,
106.mp3,
107.mp3,
108.mp3,
109.mp3,
110.mp3,
111.mp3,
112.mp3,
113.mp3,
114.mp3,
115.mp3,
116.mp3,
117.mp3,
118.mp3,
119.mp3,
120.mp3,
121.mp3,
122.mp3,
123.mp3,
124.mp3,
125.mp3,
126.mp3,
127.mp3,
128.mp3,
129.mp3,
130.mp3,
131.mp3,
132.mp3,
133.mp3,
134.mp3,
135.mp3,
136.mp3,
137.mp3,
138.mp3,
139.mp3,
140.mp3,
141.mp3,
142.mp3,
143.mp3,
144.mp3,
145.mp3,
146.mp3,
147.mp3,
148.mp3,
149.mp3,
150.mp3,
151.mp3,
152.mp3,
153.mp3,
154.mp3,
155.mp3,
156.mp3,
157.mp3,
158.mp3,
159.mp3,
160.mp3,
161.mp3,
162.mp3,
163.mp3,
164.mp3,
165.mp3,
166.mp3,
167.mp3,
168.mp3,
169.mp3,
170.mp3,
171.mp3,
172.mp3,
173.mp3,
174.mp3,
175.mp3,
176.mp3,
177.mp3,
178.mp3,
179.mp3,
180.mp3,
181.mp3,
182.mp3,
183.mp3,
184.mp3,
185.mp3,
186.mp3,
187.mp3,
188.mp3,
189.mp3,
190.mp3,
191.mp3,
192.mp3,
193.mp3,
194.mp3,
195.mp3,
196.mp3,
197.mp3,
198.mp3,
199.mp3,
200.mp3,
201.mp3,
202.mp3,
203.mp3,
204.mp3,
205.mp3,
206.mp3,
207.mp3,
208.mp3,
209.mp3,
210.mp3,
211.mp3,
212.mp3,
213.mp3,
214.mp3,
215.mp3,
216.mp3,
217.mp3,
218.mp3,
219.mp3,
220.mp3,
221.mp3,
222.mp3,
223.mp3,
224.mp3,
225.mp3,
226.mp3,
227.mp3,
228.mp3,
229.mp3,
230.mp3,
231.mp3,
232.mp3,
233.mp3,
234.mp3,
235.mp3,
236.mp3,
237.mp3,
238.mp3,
239.mp3,
240.mp3,
241.mp3,
242.mp3,
243.mp3,
244.mp3,
245.mp3,
246.mp3,
247.mp3,
248.mp3,
249.mp3,
250.mp3,
251.mp3,
252.mp3,
253.mp3,
254.mp3,
255.mp3,
256.mp3,
257.mp3,
258.mp3,
259.mp3,
260.mp3,
261.mp3,
262.mp3,
263.mp3,
264.mp3,
265.mp3,
266.mp3,
267.mp3,
268.mp3,
269.mp3,
270.mp3,
271.mp3,
272.mp3,
273.mp3,
274.mp3,
275.mp3,
276.mp3,
277.mp3,
278.mp3,
279.mp3,
280.mp3,
281.mp3,
282.mp3,
283.mp3,
284.mp3,
285.mp3,
286.mp3,
287.mp3,
288.mp3,
289.mp3,
290.mp3,
291.mp3,
292.mp3,
293.mp3,
294.mp3,
295.mp3,
296.mp3,
297.mp3,
298.mp3,
299.mp3,
300.mp3,
301.mp3,
302.mp3,
303.mp3,
304.mp3,
305.mp3,
306.mp3,
307.mp3,
308.mp3,
309.mp3,
310.mp3,
311.mp3,
312.mp3,
313.mp3,
314.mp3,
315.mp3,
316.mp3,
317.mp3,
318.mp3,
319.mp3,
320.mp3,
321.mp3,
322.mp3,
323.mp3,
324.mp3,
325.mp3,
326.mp3,
327.mp3,
328.mp3,
329.mp3,
330.mp3,
331.mp3,
332.mp3,
333.mp3,
334.mp3,
335.mp3,
336.mp3,
337.mp3,
338.mp3,
339.mp3,
340.mp3,
341.mp3,
342.mp3,
343.mp3,
344.mp3,
345.mp3,
346.mp3,
347.mp3,
348.mp3,
349.mp3,
350.mp3,
351.mp3,
352.mp3,
353.mp3,
354.mp3,
355.mp3,
356.mp3,
357.mp3,
358.mp3,
359.mp3,
360.mp3,
361.mp3,
362.mp3,
363.mp3,
364.mp3,
365.mp3,
366.mp3,
367.mp3,
368.mp3,
369.mp3,
370.mp3,
371.mp3,
372.mp3,
373.mp3,
374.mp3,
375.mp3,
376.mp3,
377.mp3,
378.mp3,
379.mp3,
380.mp3,
381.mp3,
382.mp3,
383.mp3,
384.mp3,
385.mp3,
386.mp3,
387.mp3,
388.mp3,
389.mp3,
390.mp3,
391.mp3,
392.mp3,
393.mp3,
394.mp3,
395.mp3,
396.mp3,
397.mp3,
398.mp3,
399.mp3,
400.mp3,
401.mp3,
402.mp3,
403.mp3,
404.mp3,
405.mp3,
406.mp3,
407.mp3,
408.mp3,
409.mp3,
410.mp3,
411.mp3,
412.mp3,
413.mp3,
414.mp3,
415.mp3,
416.mp3,
417.mp3,
418.mp3,
419.mp3,
420.mp3,
421.mp3,
422.mp3,
423.mp3,
424.mp3,
425.mp3,
426.mp3,
427.mp3,
428.mp3,
429.mp3,
430.mp3,
431.mp3,
432.mp3,
433.mp3,
434.mp3,
435.mp3,
436.mp3,
437.mp3,
438.mp3,
439.mp3,
440.mp3,
441.mp3,
442.mp3,
443.mp3,
444.mp3,
445.mp3,
446.mp3,
447.mp3,
448.mp3,
449.mp3,
450.mp3,
451.mp3,
452.mp3,
453.mp3,
454.mp3,
455.mp3,
456.mp3,
457.mp3,
458.mp3,
459.mp3,
460.mp3,
461.mp3,
462.mp3,
463.mp3,
464.mp3,
465.mp3,
466.mp3,
467.mp3,
468.mp3,
469.mp3,
470.mp3,
471.mp3,
472.mp3,
473.mp3,
474.mp3,
475.mp3,
476.mp3,
477.mp3,
478.mp3,
479.mp3,
480.mp3,
481.mp3,
482.mp3,
483.mp3,
484.mp3,
485.mp3,
486.mp3,
487.mp3,
488.mp3,
489.mp3,
490.mp3,
491.mp3,
492.mp3,
493.mp3,
494.mp3,
495.mp3,
496.mp3,
497.mp3,
498.mp3,
499.mp3,
