audio_name,applied_effects,GA_effects,similarity_indv,best_fit,GA_bests,best_fitnesses
0.mp3,"{2: {'drive_db': 6.59}, 4: {'depth': 0.32}, 5: {'wet_level': 0.57}, 1: {'delay_seconds': 3.48}}","{4: {'depth': 0.4}, 2: {'drive_db': 9.73}}",,27.160998217038895,"[{3: {'gain_db': 3.42}, 4: {'depth': 0.44}}, {3: {'gain_db': 3.42}, 4: {'depth': 0.44}}, {3: {'gain_db': 3.42}, 4: {'depth': 0.44}}, {3: {'gain_db': 3.42}, 4: {'depth': 0.44}}, {4: {'depth': 0.4}, 2: {'drive_db': 9.73}}, {4: {'depth': 0.4}, 2: {'drive_db': 9.73}}, {4: {'depth': 0.4}, 2: {'drive_db': 9.73}}, {4: {'depth': 0.4}, 2: {'drive_db': 9.73}}, {4: {'depth': 0.4}, 2: {'drive_db': 9.73}}, {4: {'depth': 0.4}, 2: {'drive_db': 9.73}}]","[30.734591519124606, 30.734591519124606, 30.734591519124606, 30.734591519124606, 27.160998217038895, 27.160998217038895, 27.160998217038895, 27.160998217038895, 27.160998217038895, 27.160998217038895]"
1.mp3,"{2: {'drive_db': 12.68}, 5: {'wet_level': 0.38}, 4: {'depth': 0.29}, 0: {'rate_hz': 9.49}}",,,,,
2.mp3,"{0: {'rate_hz': 15.02}, 4: {'depth': 0.36}}",,,,,
3.mp3,"{1: {'delay_seconds': 2.26}, 2: {'drive_db': 14.18}, 5: {'wet_level': 0.38}, 0: {'rate_hz': 4.11}}",,,,,
4.mp3,"{1: {'delay_seconds': 3.99}, 4: {'depth': 0.26}, 3: {'gain_db': 2.76}, 0: {'rate_hz': 2.55}, 5: {'wet_level': 0.54}}",,,,,
5.mp3,"{2: {'drive_db': 4.27}, 0: {'rate_hz': 6.09}, 3: {'gain_db': -3.47}}",,,,,
6.mp3,"{0: {'rate_hz': 8.77}, 3: {'gain_db': 0.93}, 1: {'delay_seconds': 1.33}, 4: {'depth': 0.41}, 5: {'wet_level': 0.26}, 2: {'drive_db': 18.85}}",,,,,
7.mp3,"{5: {'wet_level': 0.54}, 3: {'gain_db': 1.59}, 0: {'rate_hz': 2.18}, 2: {'drive_db': 6.77}}",,,,,
8.mp3,"{0: {'rate_hz': 2.45}, 4: {'depth': 0.24}, 5: {'wet_level': 0.3}, 3: {'gain_db': 2.38}}",,,,,
9.mp3,{3: {'gain_db': 8.18}},,,,,
10.mp3,"{2: {'drive_db': 6.59}, 0: {'rate_hz': 18.59}}",,,,,
11.mp3,"{5: {'wet_level': 0.3}, 0: {'rate_hz': 4.78}, 4: {'depth': 0.22}, 2: {'drive_db': 18.85}, 3: {'gain_db': -5.75}, 1: {'delay_seconds': 1.46}}",,,,,
12.mp3,"{5: {'wet_level': 0.4}, 3: {'gain_db': -3.81}}",,,,,
13.mp3,"{4: {'depth': 0.37}, 2: {'drive_db': 17.28}, 1: {'delay_seconds': 1.2}, 0: {'rate_hz': 9.86}, 3: {'gain_db': -3.47}}",,,,,
14.mp3,"{1: {'delay_seconds': 4.19}, 5: {'wet_level': 0.59}, 0: {'rate_hz': 15.15}, 2: {'drive_db': 15.43}, 3: {'gain_db': -1.14}}",,,,,
15.mp3,"{4: {'depth': 0.23}, 1: {'delay_seconds': 2.75}, 3: {'gain_db': -2.59}, 2: {'drive_db': 2.67}, 5: {'wet_level': 0.6}}",,,,,
16.mp3,"{3: {'gain_db': 0.22}, 1: {'delay_seconds': 2.95}, 2: {'drive_db': 17.73}, 5: {'wet_level': 0.42}, 4: {'depth': 0.22}, 0: {'rate_hz': 12.71}}",,,,,
17.mp3,"{3: {'gain_db': 3.24}, 4: {'depth': 0.52}, 5: {'wet_level': 0.35}, 2: {'drive_db': 19.54}, 1: {'delay_seconds': 1.2}}",,,,,
18.mp3,"{3: {'gain_db': -1.54}, 1: {'delay_seconds': 1.88}, 5: {'wet_level': 0.44}}",,,,,
19.mp3,"{5: {'wet_level': 0.52}, 4: {'depth': 0.48}, 3: {'gain_db': 2.58}, 1: {'delay_seconds': 3.55}, 0: {'rate_hz': 19.65}, 2: {'drive_db': 8.38}}",,,,,
20.mp3,"{3: {'gain_db': -2.52}, 5: {'wet_level': 0.39}, 2: {'drive_db': 18.83}, 1: {'delay_seconds': 3.12}, 4: {'depth': 0.34}}",,,,,
21.mp3,"{0: {'rate_hz': 8.56}, 1: {'delay_seconds': 1.93}, 5: {'wet_level': 0.34}, 4: {'depth': 0.2}}",,,,,
22.mp3,"{2: {'drive_db': 13.19}, 4: {'depth': 0.2}, 3: {'gain_db': -1.66}, 0: {'rate_hz': 9.73}, 5: {'wet_level': 0.2}, 1: {'delay_seconds': 4.35}}",,,,,
23.mp3,"{3: {'gain_db': -5.9}, 2: {'drive_db': 4.7}, 5: {'wet_level': 0.2}, 1: {'delay_seconds': 2.64}, 0: {'rate_hz': 18.15}}",,,,,
24.mp3,{4: {'depth': 0.42}},,,,,
25.mp3,"{4: {'depth': 0.49}, 5: {'wet_level': 0.54}, 1: {'delay_seconds': 4.04}, 3: {'gain_db': -5.07}, 0: {'rate_hz': 5.52}, 2: {'drive_db': 2.07}}",,,,,
26.mp3,"{4: {'depth': 0.23}, 3: {'gain_db': -7.1}, 5: {'wet_level': 0.44}, 0: {'rate_hz': 14.75}, 2: {'drive_db': 16.59}, 1: {'delay_seconds': 1.92}}",,,,,
27.mp3,"{2: {'drive_db': 10.69}, 5: {'wet_level': 0.27}, 0: {'rate_hz': 15.17}, 1: {'delay_seconds': 4.56}, 3: {'gain_db': 9.46}, 4: {'depth': 0.3}}",,,,,
28.mp3,"{5: {'wet_level': 0.51}, 1: {'delay_seconds': 2.14}, 0: {'rate_hz': 2.76}}",,,,,
29.mp3,"{0: {'rate_hz': 9.42}, 2: {'drive_db': 16.52}, 1: {'delay_seconds': 2.9}, 4: {'depth': 0.56}, 5: {'wet_level': 0.36}}",,,,,
30.mp3,{4: {'depth': 0.2}},,,,,
31.mp3,"{3: {'gain_db': -3.51}, 0: {'rate_hz': 11.19}, 2: {'drive_db': 14.63}, 5: {'wet_level': 0.4}, 4: {'depth': 0.42}}",,,,,
32.mp3,"{5: {'wet_level': 0.21}, 2: {'drive_db': 19.19}, 1: {'delay_seconds': 1.34}, 4: {'depth': 0.27}}",,,,,
33.mp3,"{4: {'depth': 0.34}, 3: {'gain_db': -4.02}, 5: {'wet_level': 0.45}, 2: {'drive_db': 5.08}, 0: {'rate_hz': 6.06}, 1: {'delay_seconds': 1.06}}",,,,,
34.mp3,"{0: {'rate_hz': 15.72}, 4: {'depth': 0.47}, 1: {'delay_seconds': 3.52}, 2: {'drive_db': 12.49}, 3: {'gain_db': 0.82}}",,,,,
35.mp3,"{5: {'wet_level': 0.3}, 4: {'depth': 0.56}}",,,,,
36.mp3,{4: {'depth': 0.45}},,,,,
37.mp3,{4: {'depth': 0.6}},,,,,
38.mp3,"{4: {'depth': 0.3}, 1: {'delay_seconds': 2.41}, 5: {'wet_level': 0.52}}",,,,,
39.mp3,"{4: {'depth': 0.56}, 1: {'delay_seconds': 3.09}, 3: {'gain_db': 5.86}, 2: {'drive_db': 13.8}, 5: {'wet_level': 0.41}}",,,,,
40.mp3,"{1: {'delay_seconds': 1.32}, 5: {'wet_level': 0.32}, 3: {'gain_db': 6.02}, 0: {'rate_hz': 14.36}, 4: {'depth': 0.38}}",,,,,
41.mp3,"{3: {'gain_db': -0.16}, 4: {'depth': 0.43}, 1: {'delay_seconds': 1.55}, 5: {'wet_level': 0.41}}",,,,,
42.mp3,"{2: {'drive_db': 17.01}, 5: {'wet_level': 0.27}, 1: {'delay_seconds': 2.41}, 0: {'rate_hz': 17.98}, 3: {'gain_db': -7.26}}",,,,,
43.mp3,"{3: {'gain_db': 8.76}, 2: {'drive_db': 1.74}, 5: {'wet_level': 0.53}, 0: {'rate_hz': 8.18}}",,,,,
44.mp3,"{5: {'wet_level': 0.34}, 2: {'drive_db': 4.18}, 3: {'gain_db': 9.74}, 4: {'depth': 0.42}}",,,,,
45.mp3,"{2: {'drive_db': 13.45}, 5: {'wet_level': 0.23}, 3: {'gain_db': 5.67}, 0: {'rate_hz': 14.64}, 4: {'depth': 0.47}, 1: {'delay_seconds': 4.91}}",,,,,
46.mp3,"{4: {'depth': 0.45}, 1: {'delay_seconds': 1.1}, 5: {'wet_level': 0.43}, 2: {'drive_db': 14.28}, 3: {'gain_db': -1.52}}",,,,,
47.mp3,"{4: {'depth': 0.59}, 1: {'delay_seconds': 2.22}, 0: {'rate_hz': 15.89}}",,,,,
48.mp3,"{4: {'depth': 0.42}, 2: {'drive_db': 15.25}, 0: {'rate_hz': 5.63}}",,,,,
49.mp3,"{0: {'rate_hz': 15.03}, 2: {'drive_db': 12.29}, 3: {'gain_db': 4.03}, 1: {'delay_seconds': 1.67}}",,,,,
50.mp3,{4: {'depth': 0.27}},,,,,
51.mp3,"{2: {'drive_db': 19.01}, 0: {'rate_hz': 17.17}, 4: {'depth': 0.59}}",,,,,
52.mp3,{2: {'drive_db': 8.28}},,,,,
53.mp3,"{0: {'rate_hz': 4.87}, 3: {'gain_db': 0.8}}",,,,,
54.mp3,"{3: {'gain_db': -9.37}, 5: {'wet_level': 0.42}, 1: {'delay_seconds': 4.06}, 2: {'drive_db': 13.02}, 0: {'rate_hz': 19.81}, 4: {'depth': 0.49}}",,,,,
55.mp3,"{4: {'depth': 0.36}, 1: {'delay_seconds': 2.32}, 5: {'wet_level': 0.29}, 3: {'gain_db': 5.4}}",,,,,
56.mp3,"{0: {'rate_hz': 6.85}, 3: {'gain_db': 9.2}, 5: {'wet_level': 0.26}}",,,,,
57.mp3,"{0: {'rate_hz': 10.03}, 1: {'delay_seconds': 4.7}, 3: {'gain_db': -2.96}, 5: {'wet_level': 0.34}, 2: {'drive_db': 4.76}}",,,,,
58.mp3,"{0: {'rate_hz': 3.62}, 4: {'depth': 0.29}, 3: {'gain_db': -8.61}}",,,,,
59.mp3,"{0: {'rate_hz': 4.8}, 2: {'drive_db': 19.9}, 4: {'depth': 0.55}, 3: {'gain_db': 6.15}, 1: {'delay_seconds': 2.33}}",,,,,
60.mp3,{1: {'delay_seconds': 4.76}},,,,,
61.mp3,"{1: {'delay_seconds': 2.43}, 5: {'wet_level': 0.45}, 4: {'depth': 0.54}, 2: {'drive_db': 3.81}}",,,,,
62.mp3,{4: {'depth': 0.38}},,,,,
63.mp3,"{2: {'drive_db': 16.31}, 5: {'wet_level': 0.27}, 0: {'rate_hz': 15.64}, 1: {'delay_seconds': 1.13}}",,,,,
64.mp3,"{1: {'delay_seconds': 1.94}, 2: {'drive_db': 9.36}}",,,,,
65.mp3,"{5: {'wet_level': 0.57}, 0: {'rate_hz': 2.4}, 1: {'delay_seconds': 2.05}}",,,,,
66.mp3,"{4: {'depth': 0.24}, 5: {'wet_level': 0.33}, 2: {'drive_db': 15.73}, 0: {'rate_hz': 12.96}}",,,,,
67.mp3,"{5: {'wet_level': 0.37}, 1: {'delay_seconds': 3.23}, 3: {'gain_db': -9.36}, 0: {'rate_hz': 12.81}, 4: {'depth': 0.54}, 2: {'drive_db': 7.87}}",,,,,
68.mp3,"{0: {'rate_hz': 15.96}, 3: {'gain_db': -5.04}, 5: {'wet_level': 0.48}, 4: {'depth': 0.25}}",,,,,
69.mp3,"{5: {'wet_level': 0.43}, 3: {'gain_db': 7.14}}",,,,,
70.mp3,"{5: {'wet_level': 0.35}, 2: {'drive_db': 16.49}}",,,,,
71.mp3,"{5: {'wet_level': 0.34}, 2: {'drive_db': 18.33}, 1: {'delay_seconds': 2.13}}",,,,,
72.mp3,"{1: {'delay_seconds': 2.45}, 0: {'rate_hz': 14.87}, 5: {'wet_level': 0.44}, 4: {'depth': 0.31}, 3: {'gain_db': -4.31}, 2: {'drive_db': 12.33}}",,,,,
73.mp3,"{0: {'rate_hz': 10.03}, 4: {'depth': 0.32}, 3: {'gain_db': -4.97}, 2: {'drive_db': 19.54}}",,,,,
74.mp3,"{4: {'depth': 0.56}, 1: {'delay_seconds': 1.6}, 5: {'wet_level': 0.58}, 3: {'gain_db': -7.95}, 2: {'drive_db': 9.58}}",,,,,
75.mp3,"{3: {'gain_db': -0.93}, 2: {'drive_db': 2.17}, 5: {'wet_level': 0.4}, 0: {'rate_hz': 10.53}, 4: {'depth': 0.49}}",,,,,
76.mp3,{5: {'wet_level': 0.25}},,,,,
77.mp3,"{5: {'wet_level': 0.54}, 1: {'delay_seconds': 4.15}, 4: {'depth': 0.3}, 2: {'drive_db': 13.44}, 0: {'rate_hz': 4.69}}",,,,,
78.mp3,"{0: {'rate_hz': 15.26}, 2: {'drive_db': 8.16}, 4: {'depth': 0.43}}",,,,,
79.mp3,"{3: {'gain_db': 3.57}, 5: {'wet_level': 0.46}, 0: {'rate_hz': 17.99}, 2: {'drive_db': 8.53}}",,,,,
80.mp3,"{0: {'rate_hz': 5.89}, 5: {'wet_level': 0.35}, 1: {'delay_seconds': 4.19}, 2: {'drive_db': 4.85}, 3: {'gain_db': -9.71}, 4: {'depth': 0.39}}",,,,,
81.mp3,"{0: {'rate_hz': 5.65}, 4: {'depth': 0.56}, 3: {'gain_db': -1.27}, 5: {'wet_level': 0.53}, 2: {'drive_db': 14.06}}",,,,,
82.mp3,"{2: {'drive_db': 8.46}, 4: {'depth': 0.26}, 3: {'gain_db': -5.38}, 0: {'rate_hz': 15.74}, 5: {'wet_level': 0.44}}",,,,,
83.mp3,"{4: {'depth': 0.42}, 1: {'delay_seconds': 3.33}}",,,,,
84.mp3,"{0: {'rate_hz': 2.21}, 1: {'delay_seconds': 4.3}, 5: {'wet_level': 0.38}, 3: {'gain_db': -9.53}, 4: {'depth': 0.23}, 2: {'drive_db': 7.82}}",,,,,
85.mp3,"{3: {'gain_db': -7.43}, 5: {'wet_level': 0.34}, 0: {'rate_hz': 1.44}, 2: {'drive_db': 8.55}, 1: {'delay_seconds': 1.12}}",,,,,
86.mp3,"{3: {'gain_db': -1.32}, 1: {'delay_seconds': 3.44}, 5: {'wet_level': 0.33}}",,,,,
87.mp3,"{4: {'depth': 0.24}, 5: {'wet_level': 0.32}, 1: {'delay_seconds': 4.67}, 3: {'gain_db': 1.24}}",,,,,
88.mp3,"{4: {'depth': 0.3}, 0: {'rate_hz': 11.73}, 5: {'wet_level': 0.25}, 1: {'delay_seconds': 3.87}, 2: {'drive_db': 12.76}, 3: {'gain_db': 6.84}}",,,,,
89.mp3,"{4: {'depth': 0.35}, 5: {'wet_level': 0.23}}",,,,,
90.mp3,"{2: {'drive_db': 19.21}, 4: {'depth': 0.39}}",,,,,
91.mp3,"{3: {'gain_db': -2.2}, 2: {'drive_db': 3.59}, 0: {'rate_hz': 1.5}, 4: {'depth': 0.36}, 1: {'delay_seconds': 3.77}}",,,,,
92.mp3,"{1: {'delay_seconds': 3.88}, 5: {'wet_level': 0.24}, 2: {'drive_db': 14.0}, 3: {'gain_db': -4.57}}",,,,,
93.mp3,{5: {'wet_level': 0.51}},,,,,
94.mp3,"{1: {'delay_seconds': 3.46}, 5: {'wet_level': 0.47}, 3: {'gain_db': 9.41}, 2: {'drive_db': 8.08}, 0: {'rate_hz': 17.24}, 4: {'depth': 0.43}}",,,,,
95.mp3,"{5: {'wet_level': 0.32}, 0: {'rate_hz': 7.55}, 2: {'drive_db': 3.87}, 1: {'delay_seconds': 1.04}, 3: {'gain_db': -8.8}, 4: {'depth': 0.34}}",,,,,
96.mp3,"{0: {'rate_hz': 13.41}, 3: {'gain_db': -4.64}, 1: {'delay_seconds': 4.76}, 5: {'wet_level': 0.54}, 4: {'depth': 0.44}, 2: {'drive_db': 3.01}}",,,,,
97.mp3,"{2: {'drive_db': 18.62}, 1: {'delay_seconds': 2.35}, 3: {'gain_db': 6.32}, 5: {'wet_level': 0.53}}",,,,,
98.mp3,"{4: {'depth': 0.44}, 2: {'drive_db': 8.71}, 1: {'delay_seconds': 3.75}, 0: {'rate_hz': 5.72}, 3: {'gain_db': -8.71}, 5: {'wet_level': 0.21}}",,,,,
99.mp3,"{0: {'rate_hz': 8.55}, 4: {'depth': 0.21}, 1: {'delay_seconds': 3.15}, 2: {'drive_db': 14.75}, 5: {'wet_level': 0.42}}",,,,,
100.mp3,"{3: {'gain_db': -5.71}, 5: {'wet_level': 0.49}, 0: {'rate_hz': 16.87}}",,,,,
101.mp3,"{5: {'wet_level': 0.55}, 3: {'gain_db': 8.13}}",,,,,
102.mp3,"{4: {'depth': 0.49}, 2: {'drive_db': 14.36}, 1: {'delay_seconds': 2.5}, 3: {'gain_db': 3.35}, 5: {'wet_level': 0.38}, 0: {'rate_hz': 15.23}}",,,,,
103.mp3,"{4: {'depth': 0.37}, 5: {'wet_level': 0.6}, 1: {'delay_seconds': 3.88}, 0: {'rate_hz': 16.78}}",,,,,
104.mp3,"{4: {'depth': 0.24}, 3: {'gain_db': 8.96}, 0: {'rate_hz': 6.1}, 5: {'wet_level': 0.58}}",,,,,
105.mp3,{0: {'rate_hz': 2.47}},,,,,
106.mp3,"{0: {'rate_hz': 6.42}, 1: {'delay_seconds': 4.62}, 4: {'depth': 0.51}}",,,,,
107.mp3,"{4: {'depth': 0.4}, 1: {'delay_seconds': 1.04}, 2: {'drive_db': 15.85}, 0: {'rate_hz': 9.33}}",,,,,
108.mp3,"{1: {'delay_seconds': 4.65}, 2: {'drive_db': 16.74}, 4: {'depth': 0.35}, 0: {'rate_hz': 14.31}}",,,,,
109.mp3,"{1: {'delay_seconds': 2.09}, 3: {'gain_db': 2.14}, 4: {'depth': 0.35}, 2: {'drive_db': 15.74}, 0: {'rate_hz': 14.87}}",,,,,
110.mp3,"{2: {'drive_db': 14.88}, 4: {'depth': 0.35}}",,,,,
111.mp3,"{0: {'rate_hz': 19.35}, 5: {'wet_level': 0.21}}",,,,,
112.mp3,"{4: {'depth': 0.58}, 2: {'drive_db': 13.77}}",,,,,
113.mp3,"{2: {'drive_db': 13.77}, 4: {'depth': 0.37}, 0: {'rate_hz': 16.54}, 1: {'delay_seconds': 2.92}, 5: {'wet_level': 0.58}}",,,,,
114.mp3,"{3: {'gain_db': 5.33}, 5: {'wet_level': 0.36}, 1: {'delay_seconds': 3.68}, 2: {'drive_db': 1.46}, 0: {'rate_hz': 12.05}}",,,,,
115.mp3,"{4: {'depth': 0.49}, 5: {'wet_level': 0.52}}",,,,,
116.mp3,"{3: {'gain_db': -6.71}, 4: {'depth': 0.59}, 5: {'wet_level': 0.28}}",,,,,
117.mp3,{2: {'drive_db': 19.82}},,,,,
118.mp3,"{3: {'gain_db': -7.43}, 2: {'drive_db': 2.34}, 4: {'depth': 0.22}, 1: {'delay_seconds': 2.77}}",,,,,
119.mp3,"{4: {'depth': 0.6}, 1: {'delay_seconds': 1.34}, 2: {'drive_db': 9.83}, 3: {'gain_db': -6.25}, 5: {'wet_level': 0.49}}",,,,,
120.mp3,"{2: {'drive_db': 19.32}, 3: {'gain_db': 8.5}, 4: {'depth': 0.21}}",,,,,
121.mp3,"{1: {'delay_seconds': 2.37}, 4: {'depth': 0.27}, 0: {'rate_hz': 3.7}, 5: {'wet_level': 0.49}}",,,,,
122.mp3,"{2: {'drive_db': 17.21}, 3: {'gain_db': -7.86}, 5: {'wet_level': 0.47}, 1: {'delay_seconds': 4.31}}",,,,,
123.mp3,{4: {'depth': 0.31}},,,,,
124.mp3,{0: {'rate_hz': 9.95}},,,,,
125.mp3,"{5: {'wet_level': 0.51}, 2: {'drive_db': 4.42}}",,,,,
126.mp3,"{2: {'drive_db': 12.5}, 3: {'gain_db': 4.58}, 1: {'delay_seconds': 3.39}, 5: {'wet_level': 0.33}, 0: {'rate_hz': 19.83}, 4: {'depth': 0.44}}",,,,,
127.mp3,{2: {'drive_db': 1.77}},,,,,
128.mp3,"{1: {'delay_seconds': 1.17}, 0: {'rate_hz': 11.61}}",,,,,
129.mp3,"{3: {'gain_db': 9.13}, 4: {'depth': 0.34}}",,,,,
130.mp3,"{4: {'depth': 0.35}, 0: {'rate_hz': 1.56}, 2: {'drive_db': 6.13}, 5: {'wet_level': 0.24}}",,,,,
131.mp3,"{0: {'rate_hz': 12.68}, 4: {'depth': 0.31}}",,,,,
132.mp3,"{2: {'drive_db': 16.94}, 4: {'depth': 0.35}}",,,,,
133.mp3,{5: {'wet_level': 0.49}},,,,,
134.mp3,"{1: {'delay_seconds': 3.06}, 3: {'gain_db': 4.15}, 4: {'depth': 0.57}}",,,,,
135.mp3,"{5: {'wet_level': 0.22}, 3: {'gain_db': -6.31}, 0: {'rate_hz': 15.1}}",,,,,
136.mp3,"{4: {'depth': 0.48}, 0: {'rate_hz': 7.26}, 1: {'delay_seconds': 2.14}, 3: {'gain_db': -4.24}, 5: {'wet_level': 0.46}}",,,,,
137.mp3,"{1: {'delay_seconds': 4.71}, 4: {'depth': 0.36}, 3: {'gain_db': -1.39}, 2: {'drive_db': 8.54}}",,,,,
138.mp3,{3: {'gain_db': 5.09}},,,,,
139.mp3,{4: {'depth': 0.38}},,,,,
140.mp3,"{5: {'wet_level': 0.45}, 3: {'gain_db': -4.06}, 4: {'depth': 0.25}, 2: {'drive_db': 4.56}, 0: {'rate_hz': 18.91}}",,,,,
141.mp3,"{3: {'gain_db': 5.21}, 5: {'wet_level': 0.3}, 2: {'drive_db': 4.91}, 4: {'depth': 0.44}, 1: {'delay_seconds': 4.04}}",,,,,
142.mp3,"{3: {'gain_db': -4.81}, 2: {'drive_db': 1.29}, 5: {'wet_level': 0.44}}",,,,,
143.mp3,"{3: {'gain_db': -4.7}, 4: {'depth': 0.26}, 2: {'drive_db': 17.52}, 5: {'wet_level': 0.53}, 1: {'delay_seconds': 4.7}}",,,,,
144.mp3,"{1: {'delay_seconds': 3.92}, 3: {'gain_db': -7.22}, 5: {'wet_level': 0.28}, 0: {'rate_hz': 13.06}, 2: {'drive_db': 15.16}}",,,,,
145.mp3,"{5: {'wet_level': 0.49}, 3: {'gain_db': 4.34}, 2: {'drive_db': 19.85}, 0: {'rate_hz': 6.41}}",,,,,
146.mp3,"{5: {'wet_level': 0.38}, 0: {'rate_hz': 6.69}}",,,,,
147.mp3,"{3: {'gain_db': -0.38}, 2: {'drive_db': 18.0}, 4: {'depth': 0.33}}",,,,,
148.mp3,"{1: {'delay_seconds': 2.72}, 2: {'drive_db': 17.3}, 5: {'wet_level': 0.35}}",,,,,
149.mp3,"{1: {'delay_seconds': 3.86}, 5: {'wet_level': 0.52}}",,,,,
150.mp3,{3: {'gain_db': -8.81}},,,,,
151.mp3,{4: {'depth': 0.43}},,,,,
152.mp3,"{3: {'gain_db': 9.47}, 5: {'wet_level': 0.3}}",,,,,
153.mp3,"{5: {'wet_level': 0.36}, 0: {'rate_hz': 18.67}}",,,,,
154.mp3,"{1: {'delay_seconds': 1.5}, 3: {'gain_db': 0.23}, 2: {'drive_db': 5.08}, 5: {'wet_level': 0.31}}",,,,,
155.mp3,{0: {'rate_hz': 18.72}},,,,,
156.mp3,"{0: {'rate_hz': 16.28}, 4: {'depth': 0.51}}",,,,,
157.mp3,"{2: {'drive_db': 5.71}, 1: {'delay_seconds': 1.79}, 4: {'depth': 0.39}, 0: {'rate_hz': 18.22}, 5: {'wet_level': 0.48}, 3: {'gain_db': -4.39}}",,,,,
158.mp3,"{3: {'gain_db': 2.37}, 2: {'drive_db': 14.93}, 0: {'rate_hz': 15.0}, 5: {'wet_level': 0.53}, 1: {'delay_seconds': 1.31}}",,,,,
159.mp3,"{0: {'rate_hz': 4.52}, 1: {'delay_seconds': 2.64}, 4: {'depth': 0.46}, 3: {'gain_db': -5.46}, 5: {'wet_level': 0.39}, 2: {'drive_db': 11.94}}",,,,,
160.mp3,{4: {'depth': 0.59}},,,,,
161.mp3,"{0: {'rate_hz': 12.46}, 4: {'depth': 0.33}, 5: {'wet_level': 0.34}}",,,,,
162.mp3,"{5: {'wet_level': 0.38}, 0: {'rate_hz': 11.17}, 1: {'delay_seconds': 4.6}, 4: {'depth': 0.49}}",,,,,
163.mp3,{3: {'gain_db': -5.04}},,,,,
164.mp3,"{2: {'drive_db': 19.47}, 5: {'wet_level': 0.45}, 1: {'delay_seconds': 3.7}, 4: {'depth': 0.25}, 0: {'rate_hz': 3.21}, 3: {'gain_db': 1.78}}",,,,,
165.mp3,"{0: {'rate_hz': 8.62}, 3: {'gain_db': -8.14}, 5: {'wet_level': 0.43}, 1: {'delay_seconds': 2.13}}",,,,,
166.mp3,"{0: {'rate_hz': 13.84}, 2: {'drive_db': 18.89}, 4: {'depth': 0.43}, 3: {'gain_db': 3.91}, 1: {'delay_seconds': 3.92}}",,,,,
167.mp3,"{3: {'gain_db': 5.5}, 1: {'delay_seconds': 3.76}}",,,,,
168.mp3,"{2: {'drive_db': 7.11}, 3: {'gain_db': -4.33}}",,,,,
169.mp3,"{5: {'wet_level': 0.57}, 0: {'rate_hz': 3.87}}",,,,,
170.mp3,"{3: {'gain_db': -9.92}, 2: {'drive_db': 16.34}, 1: {'delay_seconds': 3.04}, 4: {'depth': 0.27}, 0: {'rate_hz': 10.7}}",,,,,
171.mp3,"{0: {'rate_hz': 12.71}, 4: {'depth': 0.24}, 5: {'wet_level': 0.53}, 1: {'delay_seconds': 2.0}}",,,,,
172.mp3,"{3: {'gain_db': -5.13}, 2: {'drive_db': 18.71}, 1: {'delay_seconds': 2.62}}",,,,,
173.mp3,"{2: {'drive_db': 5.73}, 5: {'wet_level': 0.5}, 0: {'rate_hz': 4.36}, 4: {'depth': 0.32}, 3: {'gain_db': 0.75}}",,,,,
174.mp3,"{1: {'delay_seconds': 1.83}, 0: {'rate_hz': 4.79}, 2: {'drive_db': 9.49}}",,,,,
175.mp3,{3: {'gain_db': 3.47}},,,,,
176.mp3,{4: {'depth': 0.33}},,,,,
177.mp3,"{3: {'gain_db': -8.28}, 0: {'rate_hz': 15.78}, 2: {'drive_db': 5.27}, 1: {'delay_seconds': 3.76}}",,,,,
178.mp3,{4: {'depth': 0.57}},,,,,
179.mp3,"{0: {'rate_hz': 17.02}, 5: {'wet_level': 0.38}}",,,,,
180.mp3,"{2: {'drive_db': 9.38}, 5: {'wet_level': 0.57}, 0: {'rate_hz': 10.37}, 3: {'gain_db': -2.05}, 4: {'depth': 0.23}}",,,,,
181.mp3,"{1: {'delay_seconds': 1.64}, 5: {'wet_level': 0.25}}",,,,,
182.mp3,"{4: {'depth': 0.52}, 2: {'drive_db': 1.36}, 3: {'gain_db': -1.03}, 1: {'delay_seconds': 2.58}, 0: {'rate_hz': 8.37}}",,,,,
183.mp3,"{3: {'gain_db': -0.28}, 0: {'rate_hz': 12.56}, 2: {'drive_db': 8.62}}",,,,,
184.mp3,{5: {'wet_level': 0.39}},,,,,
185.mp3,"{0: {'rate_hz': 4.65}, 1: {'delay_seconds': 4.8}, 5: {'wet_level': 0.26}, 4: {'depth': 0.6}, 2: {'drive_db': 11.93}, 3: {'gain_db': -4.48}}",,,,,
186.mp3,{5: {'wet_level': 0.27}},,,,,
187.mp3,"{1: {'delay_seconds': 2.51}, 0: {'rate_hz': 6.65}}",,,,,
188.mp3,"{0: {'rate_hz': 10.81}, 2: {'drive_db': 7.46}}",,,,,
189.mp3,"{4: {'depth': 0.34}, 0: {'rate_hz': 18.29}, 1: {'delay_seconds': 2.41}, 3: {'gain_db': -6.19}, 2: {'drive_db': 5.19}}",,,,,
190.mp3,{4: {'depth': 0.22}},,,,,
191.mp3,{2: {'drive_db': 14.5}},,,,,
192.mp3,"{0: {'rate_hz': 8.91}, 5: {'wet_level': 0.58}, 3: {'gain_db': 4.37}, 2: {'drive_db': 14.56}, 1: {'delay_seconds': 3.93}, 4: {'depth': 0.46}}",,,,,
193.mp3,{5: {'wet_level': 0.52}},,,,,
194.mp3,"{3: {'gain_db': 3.62}, 5: {'wet_level': 0.2}, 1: {'delay_seconds': 2.34}, 2: {'drive_db': 9.12}}",,,,,
195.mp3,"{2: {'drive_db': 1.49}, 0: {'rate_hz': 10.34}, 3: {'gain_db': -2.12}}",,,,,
196.mp3,"{0: {'rate_hz': 12.32}, 2: {'drive_db': 9.52}, 3: {'gain_db': 3.07}, 5: {'wet_level': 0.21}, 1: {'delay_seconds': 1.5}}",,,,,
197.mp3,{4: {'depth': 0.42}},,,,,
198.mp3,"{0: {'rate_hz': 13.01}, 3: {'gain_db': 8.49}, 1: {'delay_seconds': 3.65}, 4: {'depth': 0.49}, 2: {'drive_db': 19.5}, 5: {'wet_level': 0.43}}",,,,,
199.mp3,"{0: {'rate_hz': 17.82}, 1: {'delay_seconds': 3.27}, 3: {'gain_db': -3.31}, 4: {'depth': 0.39}}",,,,,
200.mp3,"{4: {'depth': 0.26}, 2: {'drive_db': 1.88}, 0: {'rate_hz': 5.5}, 5: {'wet_level': 0.33}, 3: {'gain_db': -5.13}, 1: {'delay_seconds': 4.52}}",,,,,
201.mp3,"{5: {'wet_level': 0.36}, 4: {'depth': 0.42}}",,,,,
202.mp3,{3: {'gain_db': 2.72}},,,,,
203.mp3,"{0: {'rate_hz': 5.22}, 1: {'delay_seconds': 3.84}, 2: {'drive_db': 19.37}, 3: {'gain_db': 9.49}, 4: {'depth': 0.46}}",,,,,
204.mp3,"{2: {'drive_db': 7.84}, 0: {'rate_hz': 3.12}, 4: {'depth': 0.22}}",,,,,
205.mp3,{1: {'delay_seconds': 3.87}},,,,,
206.mp3,"{1: {'delay_seconds': 2.08}, 4: {'depth': 0.26}, 0: {'rate_hz': 16.78}, 3: {'gain_db': 4.54}, 5: {'wet_level': 0.33}, 2: {'drive_db': 17.32}}",,,,,
207.mp3,"{4: {'depth': 0.33}, 0: {'rate_hz': 10.54}, 1: {'delay_seconds': 4.71}, 2: {'drive_db': 19.6}}",,,,,
208.mp3,"{0: {'rate_hz': 6.87}, 4: {'depth': 0.22}, 2: {'drive_db': 18.73}}",,,,,
209.mp3,{0: {'rate_hz': 4.52}},,,,,
210.mp3,"{5: {'wet_level': 0.4}, 1: {'delay_seconds': 1.5}}",,,,,
211.mp3,{5: {'wet_level': 0.27}},,,,,
212.mp3,"{4: {'depth': 0.37}, 0: {'rate_hz': 17.54}, 3: {'gain_db': -0.32}, 1: {'delay_seconds': 2.42}, 2: {'drive_db': 11.73}}",,,,,
213.mp3,"{3: {'gain_db': 2.1}, 1: {'delay_seconds': 1.1}, 5: {'wet_level': 0.32}}",,,,,
214.mp3,"{4: {'depth': 0.6}, 2: {'drive_db': 12.7}, 0: {'rate_hz': 4.41}, 3: {'gain_db': -3.62}, 5: {'wet_level': 0.43}, 1: {'delay_seconds': 2.37}}",,,,,
215.mp3,"{2: {'drive_db': 13.81}, 4: {'depth': 0.5}, 3: {'gain_db': -5.79}}",,,,,
216.mp3,"{1: {'delay_seconds': 3.14}, 4: {'depth': 0.53}, 0: {'rate_hz': 10.65}, 3: {'gain_db': -1.53}, 2: {'drive_db': 10.25}, 5: {'wet_level': 0.46}}",,,,,
217.mp3,"{4: {'depth': 0.59}, 1: {'delay_seconds': 1.6}, 5: {'wet_level': 0.51}, 0: {'rate_hz': 13.54}, 2: {'drive_db': 8.3}, 3: {'gain_db': -8.92}}",,,,,
218.mp3,"{3: {'gain_db': -6.85}, 4: {'depth': 0.59}, 0: {'rate_hz': 18.76}, 2: {'drive_db': 18.64}, 5: {'wet_level': 0.47}, 1: {'delay_seconds': 2.43}}",,,,,
219.mp3,{2: {'drive_db': 4.84}},,,,,
220.mp3,"{4: {'depth': 0.38}, 2: {'drive_db': 12.17}, 0: {'rate_hz': 14.95}, 3: {'gain_db': 1.61}, 1: {'delay_seconds': 4.88}}",,,,,
221.mp3,"{3: {'gain_db': 3.87}, 2: {'drive_db': 14.35}, 5: {'wet_level': 0.6}, 0: {'rate_hz': 1.92}, 1: {'delay_seconds': 4.66}}",,,,,
222.mp3,"{5: {'wet_level': 0.33}, 3: {'gain_db': -6.77}, 2: {'drive_db': 19.5}}",,,,,
223.mp3,"{2: {'drive_db': 1.38}, 0: {'rate_hz': 15.29}, 3: {'gain_db': -8.51}, 4: {'depth': 0.27}, 5: {'wet_level': 0.41}}",,,,,
224.mp3,"{1: {'delay_seconds': 2.49}, 2: {'drive_db': 13.48}, 5: {'wet_level': 0.6}}",,,,,
225.mp3,"{0: {'rate_hz': 19.38}, 2: {'drive_db': 2.68}}",,,,,
226.mp3,"{2: {'drive_db': 19.71}, 5: {'wet_level': 0.52}}",,,,,
227.mp3,"{2: {'drive_db': 19.23}, 4: {'depth': 0.55}, 0: {'rate_hz': 14.6}, 1: {'delay_seconds': 4.24}, 3: {'gain_db': 1.72}}",,,,,
228.mp3,"{0: {'rate_hz': 6.48}, 2: {'drive_db': 8.76}, 5: {'wet_level': 0.2}, 1: {'delay_seconds': 3.9}, 4: {'depth': 0.23}, 3: {'gain_db': 6.67}}",,,,,
229.mp3,{1: {'delay_seconds': 3.22}},,,,,
230.mp3,"{4: {'depth': 0.23}, 1: {'delay_seconds': 3.31}, 3: {'gain_db': 7.54}, 0: {'rate_hz': 13.86}, 5: {'wet_level': 0.43}, 2: {'drive_db': 2.03}}",,,,,
231.mp3,{5: {'wet_level': 0.31}},,,,,
232.mp3,"{0: {'rate_hz': 12.86}, 5: {'wet_level': 0.58}, 2: {'drive_db': 10.59}, 3: {'gain_db': 1.98}, 4: {'depth': 0.25}}",,,,,
233.mp3,"{3: {'gain_db': 7.58}, 4: {'depth': 0.44}, 0: {'rate_hz': 15.1}, 1: {'delay_seconds': 3.54}}",,,,,
234.mp3,"{3: {'gain_db': -1.5}, 4: {'depth': 0.37}, 1: {'delay_seconds': 3.17}}",,,,,
235.mp3,"{3: {'gain_db': 4.0}, 2: {'drive_db': 6.63}, 5: {'wet_level': 0.47}, 4: {'depth': 0.47}}",,,,,
236.mp3,"{5: {'wet_level': 0.39}, 0: {'rate_hz': 18.82}}",,,,,
237.mp3,"{0: {'rate_hz': 13.83}, 2: {'drive_db': 12.57}, 3: {'gain_db': -1.54}}",,,,,
238.mp3,"{0: {'rate_hz': 10.4}, 5: {'wet_level': 0.55}, 2: {'drive_db': 1.84}, 3: {'gain_db': -6.28}, 4: {'depth': 0.44}}",,,,,
239.mp3,"{4: {'depth': 0.48}, 5: {'wet_level': 0.48}, 0: {'rate_hz': 5.33}, 2: {'drive_db': 16.63}, 1: {'delay_seconds': 3.64}, 3: {'gain_db': -3.47}}",,,,,
240.mp3,"{4: {'depth': 0.25}, 1: {'delay_seconds': 3.79}, 2: {'drive_db': 11.73}}",,,,,
241.mp3,"{4: {'depth': 0.21}, 3: {'gain_db': -5.32}, 5: {'wet_level': 0.3}, 0: {'rate_hz': 19.8}}",,,,,
242.mp3,"{3: {'gain_db': 8.9}, 1: {'delay_seconds': 2.98}}",,,,,
243.mp3,"{1: {'delay_seconds': 1.07}, 0: {'rate_hz': 17.1}, 3: {'gain_db': -4.68}, 2: {'drive_db': 16.03}, 5: {'wet_level': 0.36}}",,,,,
244.mp3,"{3: {'gain_db': -6.12}, 2: {'drive_db': 4.04}, 0: {'rate_hz': 9.99}}",,,,,
245.mp3,"{4: {'depth': 0.37}, 5: {'wet_level': 0.26}, 0: {'rate_hz': 13.38}, 1: {'delay_seconds': 4.08}, 3: {'gain_db': -4.84}}",,,,,
246.mp3,"{1: {'delay_seconds': 2.35}, 2: {'drive_db': 11.72}}",,,,,
247.mp3,"{4: {'depth': 0.22}, 5: {'wet_level': 0.42}, 2: {'drive_db': 17.16}}",,,,,
248.mp3,"{3: {'gain_db': -2.23}, 4: {'depth': 0.46}}",,,,,
249.mp3,"{4: {'depth': 0.22}, 2: {'drive_db': 11.32}, 1: {'delay_seconds': 2.85}, 0: {'rate_hz': 7.28}}",,,,,
