audio_name,applied_effects,random_effects,similarity_indv,similarity_indv_effects_only
0.mp3,"{2: {'drive_db': 6.59}, 4: {'depth': 0.32}, 5: {'wet_level': 0.57}, 1: {'delay_seconds': 3.48}}","{0: {'rate_hz': 17.23}, 3: {'gain_db': -7.22}, 2: {'drive_db': 2.85}, 1: {'delay_seconds': 2.24}, 5: {'wet_level': 0.26}, 4: {'depth': 0.52}}",0.2781633503110013,0.6666666666666666
1.mp3,"{2: {'drive_db': 12.68}, 5: {'wet_level': 0.38}, 4: {'depth': 0.29}, 0: {'rate_hz': 9.49}}","{3: {'gain_db': 3.46}, 0: {'rate_hz': 13.01}, 5: {'wet_level': 0.54}, 4: {'depth': 0.47}, 2: {'drive_db': 4.31}}",0.32811067955053147,0.8
2.mp3,"{0: {'rate_hz': 15.02}, 4: {'depth': 0.36}}",{3: {'gain_db': -5.04}},0.0,0.0
3.mp3,"{1: {'delay_seconds': 2.26}, 2: {'drive_db': 14.18}, 5: {'wet_level': 0.38}, 0: {'rate_hz': 4.11}}",{2: {'drive_db': 5.45}},0.0844081942336874,0.25
4.mp3,"{1: {'delay_seconds': 3.99}, 4: {'depth': 0.26}, 3: {'gain_db': 2.76}, 0: {'rate_hz': 2.55}, 5: {'wet_level': 0.54}}","{2: {'drive_db': 1.46}, 5: {'wet_level': 0.5}, 4: {'depth': 0.47}, 0: {'rate_hz': 4.9}, 3: {'gain_db': -8.17}, 1: {'delay_seconds': 4.67}}",0.5076712623304551,0.8333333333333333
5.mp3,"{2: {'drive_db': 4.27}, 0: {'rate_hz': 6.09}, 3: {'gain_db': -3.47}}","{2: {'drive_db': 2.77}, 1: {'delay_seconds': 1.83}, 4: {'depth': 0.33}}",0.3015469379105743,0.3333333333333333
6.mp3,"{0: {'rate_hz': 8.77}, 3: {'gain_db': 0.93}, 1: {'delay_seconds': 1.33}, 4: {'depth': 0.41}, 5: {'wet_level': 0.26}, 2: {'drive_db': 18.85}}","{3: {'gain_db': -4.94}, 0: {'rate_hz': 1.04}}",0.12910186711247293,0.3333333333333333
7.mp3,"{5: {'wet_level': 0.54}, 3: {'gain_db': 1.59}, 0: {'rate_hz': 2.18}, 2: {'drive_db': 6.77}}","{0: {'rate_hz': 1.78}, 1: {'delay_seconds': 4.55}, 3: {'gain_db': 6.03}, 5: {'wet_level': 0.52}, 4: {'depth': 0.23}, 2: {'drive_db': 8.04}}",0.5732744931037995,0.6666666666666666
8.mp3,"{0: {'rate_hz': 2.45}, 4: {'depth': 0.24}, 5: {'wet_level': 0.3}, 3: {'gain_db': 2.38}}","{0: {'rate_hz': 6.23}, 3: {'gain_db': 8.15}, 2: {'drive_db': 15.45}}",0.3296352678016652,0.5
9.mp3,{3: {'gain_db': 8.18}},"{3: {'gain_db': 2.6}, 1: {'delay_seconds': 1.17}, 4: {'depth': 0.52}, 2: {'drive_db': 17.32}, 0: {'rate_hz': 8.32}}",0.1386138613861386,0.2
10.mp3,"{2: {'drive_db': 6.59}, 0: {'rate_hz': 18.59}}","{1: {'delay_seconds': 3.01}, 5: {'wet_level': 0.46}, 3: {'gain_db': -6.04}, 0: {'rate_hz': 2.47}, 4: {'depth': 0.47}}",0.016714042069357584,0.2
11.mp3,"{5: {'wet_level': 0.3}, 0: {'rate_hz': 4.78}, 4: {'depth': 0.22}, 2: {'drive_db': 18.85}, 3: {'gain_db': -5.75}, 1: {'delay_seconds': 1.46}}",{2: {'drive_db': 12.29}},0.10541549953314658,0.16666666666666666
12.mp3,"{5: {'wet_level': 0.4}, 3: {'gain_db': -3.81}}",{2: {'drive_db': 18.62}},0.0,0.0
13.mp3,"{4: {'depth': 0.37}, 2: {'drive_db': 17.28}, 1: {'delay_seconds': 1.2}, 0: {'rate_hz': 9.86}, 3: {'gain_db': -3.47}}","{1: {'delay_seconds': 1.56}, 0: {'rate_hz': 8.34}, 5: {'wet_level': 0.58}, 3: {'gain_db': 9.01}}",0.3657716872933774,0.6000000000000001
14.mp3,"{1: {'delay_seconds': 4.19}, 5: {'wet_level': 0.59}, 0: {'rate_hz': 15.15}, 2: {'drive_db': 15.43}, 3: {'gain_db': -1.14}}","{3: {'gain_db': -1.74}, 4: {'depth': 0.53}, 0: {'rate_hz': 14.87}, 2: {'drive_db': 1.94}}",0.3982988230365967,0.6000000000000001
15.mp3,"{4: {'depth': 0.23}, 1: {'delay_seconds': 2.75}, 3: {'gain_db': -2.59}, 2: {'drive_db': 2.67}, 5: {'wet_level': 0.6}}","{0: {'rate_hz': 14.44}, 5: {'wet_level': 0.33}, 3: {'gain_db': -5.41}, 1: {'delay_seconds': 4.95}}",0.22464698614420614,0.6000000000000001
16.mp3,"{3: {'gain_db': 0.22}, 1: {'delay_seconds': 2.95}, 2: {'drive_db': 17.73}, 5: {'wet_level': 0.42}, 4: {'depth': 0.22}, 0: {'rate_hz': 12.71}}","{0: {'rate_hz': 17.21}, 4: {'depth': 0.5}}",0.1464784934154344,0.3333333333333333
17.mp3,"{3: {'gain_db': 3.24}, 4: {'depth': 0.52}, 5: {'wet_level': 0.35}, 2: {'drive_db': 19.54}, 1: {'delay_seconds': 1.2}}","{1: {'delay_seconds': 1.74}, 2: {'drive_db': 10.64}, 0: {'rate_hz': 16.09}, 3: {'gain_db': -9.2}, 4: {'depth': 0.4}}",0.4126549095242237,0.8
18.mp3,"{3: {'gain_db': -1.54}, 1: {'delay_seconds': 1.88}, 5: {'wet_level': 0.44}}","{1: {'delay_seconds': 1.99}, 0: {'rate_hz': 11.33}, 5: {'wet_level': 0.21}, 4: {'depth': 0.56}, 2: {'drive_db': 14.56}, 3: {'gain_db': -3.92}}",0.3000285147165562,0.5
19.mp3,"{5: {'wet_level': 0.52}, 4: {'depth': 0.48}, 3: {'gain_db': 2.58}, 1: {'delay_seconds': 3.55}, 0: {'rate_hz': 19.65}, 2: {'drive_db': 8.38}}",{5: {'wet_level': 0.29}},0.04687499999999998,0.16666666666666666
20.mp3,"{3: {'gain_db': -2.52}, 5: {'wet_level': 0.39}, 2: {'drive_db': 18.83}, 1: {'delay_seconds': 3.12}, 4: {'depth': 0.34}}","{5: {'wet_level': 0.39}, 1: {'delay_seconds': 1.59}, 4: {'depth': 0.31}, 3: {'gain_db': -3.88}}",0.6108582146649542,0.8
21.mp3,"{0: {'rate_hz': 8.56}, 1: {'delay_seconds': 1.93}, 5: {'wet_level': 0.34}, 4: {'depth': 0.2}}","{3: {'gain_db': 0.76}, 2: {'drive_db': 14.94}}",0.0,0.0
22.mp3,"{2: {'drive_db': 13.19}, 4: {'depth': 0.2}, 3: {'gain_db': -1.66}, 0: {'rate_hz': 9.73}, 5: {'wet_level': 0.2}, 1: {'delay_seconds': 4.35}}","{0: {'rate_hz': 4.03}, 2: {'drive_db': 9.19}, 3: {'gain_db': 8.08}, 1: {'delay_seconds': 2.07}, 4: {'depth': 0.59}}",0.2709860141166146,0.8333333333333333
23.mp3,"{3: {'gain_db': -5.9}, 2: {'drive_db': 4.7}, 5: {'wet_level': 0.2}, 1: {'delay_seconds': 2.64}, 0: {'rate_hz': 18.15}}","{2: {'drive_db': 16.4}, 0: {'rate_hz': 14.04}, 1: {'delay_seconds': 4.0}}",0.28387455708675724,0.6000000000000001
24.mp3,{4: {'depth': 0.42}},"{5: {'wet_level': 0.39}, 3: {'gain_db': -6.55}, 2: {'drive_db': 10.88}, 4: {'depth': 0.49}}",0.17045454545454544,0.25
25.mp3,"{4: {'depth': 0.49}, 5: {'wet_level': 0.54}, 1: {'delay_seconds': 4.04}, 3: {'gain_db': -5.07}, 0: {'rate_hz': 5.52}, 2: {'drive_db': 2.07}}",{3: {'gain_db': 2.59}},0.08195089581950896,0.16666666666666666
26.mp3,"{4: {'depth': 0.23}, 3: {'gain_db': -7.1}, 5: {'wet_level': 0.44}, 0: {'rate_hz': 14.75}, 2: {'drive_db': 16.59}, 1: {'delay_seconds': 1.92}}","{1: {'delay_seconds': 4.6}, 2: {'drive_db': 18.17}, 5: {'wet_level': 0.28}, 0: {'rate_hz': 3.24}, 4: {'depth': 0.27}, 3: {'gain_db': 6.39}}",0.43796142329946053,0.9999999999999999
27.mp3,"{2: {'drive_db': 10.69}, 5: {'wet_level': 0.27}, 0: {'rate_hz': 15.17}, 1: {'delay_seconds': 4.56}, 3: {'gain_db': 9.46}, 4: {'depth': 0.3}}",{1: {'delay_seconds': 3.18}},0.10205992509363296,0.16666666666666666
28.mp3,"{5: {'wet_level': 0.51}, 1: {'delay_seconds': 2.14}, 0: {'rate_hz': 2.76}}","{2: {'drive_db': 14.84}, 5: {'wet_level': 0.25}, 0: {'rate_hz': 2.6}, 3: {'gain_db': -5.97}}",0.2880023950303121,0.5
29.mp3,"{0: {'rate_hz': 9.42}, 2: {'drive_db': 16.52}, 1: {'delay_seconds': 2.9}, 4: {'depth': 0.56}, 5: {'wet_level': 0.36}}",{2: {'drive_db': 19.27}},0.1645618556701031,0.2
30.mp3,{4: {'depth': 0.2}},"{5: {'wet_level': 0.24}, 4: {'depth': 0.38}, 3: {'gain_db': 5.34}, 2: {'drive_db': 12.12}}",0.1375,0.25
31.mp3,"{3: {'gain_db': -3.51}, 0: {'rate_hz': 11.19}, 2: {'drive_db': 14.63}, 5: {'wet_level': 0.4}, 4: {'depth': 0.42}}","{1: {'delay_seconds': 1.86}, 0: {'rate_hz': 9.11}, 3: {'gain_db': -3.99}}",0.3520698148937762,0.4
32.mp3,"{5: {'wet_level': 0.21}, 2: {'drive_db': 19.19}, 1: {'delay_seconds': 1.34}, 4: {'depth': 0.27}}","{0: {'rate_hz': 9.42}, 5: {'wet_level': 0.21}}",0.25,0.25
33.mp3,"{4: {'depth': 0.34}, 3: {'gain_db': -4.02}, 5: {'wet_level': 0.45}, 2: {'drive_db': 5.08}, 0: {'rate_hz': 6.06}, 1: {'delay_seconds': 1.06}}","{5: {'wet_level': 0.21}, 1: {'delay_seconds': 2.93}, 3: {'gain_db': -8.23}, 2: {'drive_db': 5.25}}",0.37561688367975254,0.6666666666666666
34.mp3,"{0: {'rate_hz': 15.72}, 4: {'depth': 0.47}, 1: {'delay_seconds': 3.52}, 2: {'drive_db': 12.49}, 3: {'gain_db': 0.82}}",{0: {'rate_hz': 6.08}},0.06902173913043479,0.2
35.mp3,"{5: {'wet_level': 0.3}, 4: {'depth': 0.56}}",{0: {'rate_hz': 9.3}},0.0,0.0
36.mp3,{4: {'depth': 0.45}},{2: {'drive_db': 19.23}},0.0,0.0
37.mp3,{4: {'depth': 0.6}},"{3: {'gain_db': -0.07}, 1: {'delay_seconds': 1.77}, 0: {'rate_hz': 5.92}, 2: {'drive_db': 19.15}}",0.0,0.0
38.mp3,"{4: {'depth': 0.3}, 1: {'delay_seconds': 2.41}, 5: {'wet_level': 0.52}}","{2: {'drive_db': 12.6}, 4: {'depth': 0.25}, 0: {'rate_hz': 12.13}, 3: {'gain_db': -8.51}, 5: {'wet_level': 0.58}}",0.3291666666666667,0.4
39.mp3,"{4: {'depth': 0.56}, 1: {'delay_seconds': 3.09}, 3: {'gain_db': 5.86}, 2: {'drive_db': 13.8}, 5: {'wet_level': 0.41}}",{0: {'rate_hz': 15.76}},0.0,0.0
40.mp3,"{1: {'delay_seconds': 1.32}, 5: {'wet_level': 0.32}, 3: {'gain_db': 6.02}, 0: {'rate_hz': 14.36}, 4: {'depth': 0.38}}","{5: {'wet_level': 0.38}, 1: {'delay_seconds': 3.67}}",0.2294254658385093,0.4
41.mp3,"{3: {'gain_db': -0.16}, 4: {'depth': 0.43}, 1: {'delay_seconds': 1.55}, 5: {'wet_level': 0.41}}",{4: {'depth': 0.49}},0.18478260869565216,0.25
42.mp3,"{2: {'drive_db': 17.01}, 5: {'wet_level': 0.27}, 1: {'delay_seconds': 2.41}, 0: {'rate_hz': 17.98}, 3: {'gain_db': -7.26}}","{4: {'depth': 0.49}, 3: {'gain_db': -9.35}, 1: {'delay_seconds': 4.5}, 5: {'wet_level': 0.56}, 0: {'rate_hz': 19.87}}",0.41637313402582876,0.8
43.mp3,"{3: {'gain_db': 8.76}, 2: {'drive_db': 1.74}, 5: {'wet_level': 0.53}, 0: {'rate_hz': 8.18}}","{4: {'depth': 0.3}, 2: {'drive_db': 14.95}, 1: {'delay_seconds': 4.86}, 0: {'rate_hz': 3.58}}",0.22184747295596788,0.5
44.mp3,"{5: {'wet_level': 0.34}, 2: {'drive_db': 4.18}, 3: {'gain_db': 9.74}, 4: {'depth': 0.42}}","{1: {'delay_seconds': 2.07}, 0: {'rate_hz': 5.6}, 5: {'wet_level': 0.55}, 4: {'depth': 0.45}, 3: {'gain_db': 5.56}, 2: {'drive_db': 9.22}}",0.420934533154454,0.6666666666666666
45.mp3,"{2: {'drive_db': 13.45}, 5: {'wet_level': 0.23}, 3: {'gain_db': 5.67}, 0: {'rate_hz': 14.64}, 4: {'depth': 0.47}, 1: {'delay_seconds': 4.91}}","{3: {'gain_db': 1.94}, 0: {'rate_hz': 11.02}, 1: {'delay_seconds': 1.97}}",0.2907752477085068,0.5
46.mp3,"{4: {'depth': 0.45}, 1: {'delay_seconds': 1.1}, 5: {'wet_level': 0.43}, 2: {'drive_db': 14.28}, 3: {'gain_db': -1.52}}","{5: {'wet_level': 0.21}, 4: {'depth': 0.56}}",0.12069565217391301,0.4
47.mp3,"{4: {'depth': 0.59}, 1: {'delay_seconds': 2.22}, 0: {'rate_hz': 15.89}}","{1: {'delay_seconds': 1.78}, 2: {'drive_db': 9.11}, 0: {'rate_hz': 18.24}, 5: {'wet_level': 0.22}, 4: {'depth': 0.4}}",0.4393446177087364,0.6000000000000001
48.mp3,"{4: {'depth': 0.42}, 2: {'drive_db': 15.25}, 0: {'rate_hz': 5.63}}","{4: {'depth': 0.39}, 2: {'drive_db': 13.56}, 5: {'wet_level': 0.5}, 0: {'rate_hz': 15.69}, 3: {'gain_db': -5.14}, 1: {'delay_seconds': 1.81}}",0.34082838049764763,0.5
49.mp3,"{0: {'rate_hz': 15.03}, 2: {'drive_db': 12.29}, 3: {'gain_db': 4.03}, 1: {'delay_seconds': 1.67}}","{3: {'gain_db': 9.22}, 5: {'wet_level': 0.34}, 2: {'drive_db': 8.62}, 0: {'rate_hz': 12.31}, 1: {'delay_seconds': 1.41}, 4: {'depth': 0.28}}",0.5055106028163256,0.6666666666666666
50.mp3,{4: {'depth': 0.27}},"{4: {'depth': 0.41}, 0: {'rate_hz': 4.29}, 2: {'drive_db': 6.94}, 3: {'gain_db': -0.94}}",0.14393939393939398,0.25
51.mp3,"{2: {'drive_db': 19.01}, 0: {'rate_hz': 17.17}, 4: {'depth': 0.59}}","{2: {'drive_db': 3.42}, 0: {'rate_hz': 1.87}, 3: {'gain_db': -8.72}}",0.06272437802540128,0.6666666666666666
52.mp3,{2: {'drive_db': 8.28}},"{3: {'gain_db': 6.84}, 0: {'rate_hz': 4.55}, 2: {'drive_db': 5.96}}",0.267349260523322,0.3333333333333333
53.mp3,"{0: {'rate_hz': 4.87}, 3: {'gain_db': 0.8}}","{3: {'gain_db': -5.53}, 4: {'depth': 0.3}, 0: {'rate_hz': 18.94}, 5: {'wet_level': 0.26}}",0.12098709333920835,0.5
54.mp3,"{3: {'gain_db': -9.37}, 5: {'wet_level': 0.42}, 1: {'delay_seconds': 4.06}, 2: {'drive_db': 13.02}, 0: {'rate_hz': 19.81}, 4: {'depth': 0.49}}","{4: {'depth': 0.25}, 0: {'rate_hz': 17.21}, 3: {'gain_db': 8.85}}",0.18225993406568078,0.5
55.mp3,"{4: {'depth': 0.36}, 1: {'delay_seconds': 2.32}, 5: {'wet_level': 0.29}, 3: {'gain_db': 5.4}}","{1: {'delay_seconds': 3.52}, 0: {'rate_hz': 19.34}, 5: {'wet_level': 0.45}, 3: {'gain_db': -6.94}, 2: {'drive_db': 15.77}, 4: {'depth': 0.5}}",0.275246289846675,0.6666666666666666
56.mp3,"{0: {'rate_hz': 6.85}, 3: {'gain_db': 9.2}, 5: {'wet_level': 0.26}}","{2: {'drive_db': 8.58}, 4: {'depth': 0.48}, 0: {'rate_hz': 3.89}, 1: {'delay_seconds': 3.53}}",0.19372623574144487,0.25
57.mp3,"{0: {'rate_hz': 10.03}, 1: {'delay_seconds': 4.7}, 3: {'gain_db': -2.96}, 5: {'wet_level': 0.34}, 2: {'drive_db': 4.76}}","{2: {'drive_db': 1.3}, 0: {'rate_hz': 14.87}, 1: {'delay_seconds': 4.42}, 4: {'depth': 0.29}, 3: {'gain_db': 8.89}, 5: {'wet_level': 0.54}}",0.4213752022332455,0.8333333333333333
58.mp3,"{0: {'rate_hz': 3.62}, 4: {'depth': 0.29}, 3: {'gain_db': -8.61}}","{1: {'delay_seconds': 3.58}, 0: {'rate_hz': 1.3}, 2: {'drive_db': 5.47}}",0.28612128612128607,0.3333333333333333
59.mp3,"{0: {'rate_hz': 4.8}, 2: {'drive_db': 19.9}, 4: {'depth': 0.55}, 3: {'gain_db': 6.15}, 1: {'delay_seconds': 2.33}}","{4: {'depth': 0.39}, 0: {'rate_hz': 6.44}}",0.2869924812030075,0.4
60.mp3,{1: {'delay_seconds': 4.76}},{5: {'wet_level': 0.49}},0.0,0.0
61.mp3,"{1: {'delay_seconds': 2.43}, 5: {'wet_level': 0.45}, 4: {'depth': 0.54}, 2: {'drive_db': 3.81}}","{4: {'depth': 0.56}, 3: {'gain_db': -0.85}, 2: {'drive_db': 13.14}}",0.3412237038113578,0.5
62.mp3,{4: {'depth': 0.38}},{3: {'gain_db': -7.86}},0.0,0.0
63.mp3,"{2: {'drive_db': 16.31}, 5: {'wet_level': 0.27}, 0: {'rate_hz': 15.64}, 1: {'delay_seconds': 1.13}}","{3: {'gain_db': -0.21}, 5: {'wet_level': 0.3}, 0: {'rate_hz': 13.57}, 2: {'drive_db': 9.7}, 1: {'delay_seconds': 1.48}}",0.6491028463569828,0.8
64.mp3,"{1: {'delay_seconds': 1.94}, 2: {'drive_db': 9.36}}","{4: {'depth': 0.49}, 1: {'delay_seconds': 4.6}}",0.06535947712418305,0.5
65.mp3,"{5: {'wet_level': 0.57}, 0: {'rate_hz': 2.4}, 1: {'delay_seconds': 2.05}}","{2: {'drive_db': 16.42}, 0: {'rate_hz': 16.69}, 3: {'gain_db': 1.89}, 4: {'depth': 0.46}, 1: {'delay_seconds': 1.91}}",0.22812211093990759,0.4
66.mp3,"{4: {'depth': 0.24}, 5: {'wet_level': 0.33}, 2: {'drive_db': 15.73}, 0: {'rate_hz': 12.96}}","{4: {'depth': 0.28}, 2: {'drive_db': 13.83}, 1: {'delay_seconds': 1.84}, 3: {'gain_db': 3.62}, 0: {'rate_hz': 9.91}, 5: {'wet_level': 0.54}}",0.45451765496262075,0.6666666666666666
67.mp3,"{5: {'wet_level': 0.37}, 1: {'delay_seconds': 3.23}, 3: {'gain_db': -9.36}, 0: {'rate_hz': 12.81}, 4: {'depth': 0.54}, 2: {'drive_db': 7.87}}","{3: {'gain_db': -5.57}, 4: {'depth': 0.29}, 2: {'drive_db': 1.73}}",0.26045973370509584,0.5
68.mp3,"{0: {'rate_hz': 15.96}, 3: {'gain_db': -5.04}, 5: {'wet_level': 0.48}, 4: {'depth': 0.25}}",{2: {'drive_db': 14.3}},0.0,0.0
69.mp3,"{5: {'wet_level': 0.43}, 3: {'gain_db': 7.14}}","{5: {'wet_level': 0.31}, 3: {'gain_db': 2.08}, 4: {'depth': 0.22}, 1: {'delay_seconds': 1.03}}",0.29576125006341636,0.5
70.mp3,"{5: {'wet_level': 0.35}, 2: {'drive_db': 16.49}}","{3: {'gain_db': 6.47}, 5: {'wet_level': 0.43}, 0: {'rate_hz': 10.1}}",0.22666666666666663,0.3333333333333333
71.mp3,"{5: {'wet_level': 0.34}, 2: {'drive_db': 18.33}, 1: {'delay_seconds': 2.13}}",{3: {'gain_db': 0.85}},0.0,0.0
72.mp3,"{1: {'delay_seconds': 2.45}, 0: {'rate_hz': 14.87}, 5: {'wet_level': 0.44}, 4: {'depth': 0.31}, 3: {'gain_db': -4.31}, 2: {'drive_db': 12.33}}",{5: {'wet_level': 0.21}},0.006944444444444438,0.16666666666666666
73.mp3,"{0: {'rate_hz': 10.03}, 4: {'depth': 0.32}, 3: {'gain_db': -4.97}, 2: {'drive_db': 19.54}}","{1: {'delay_seconds': 3.79}, 4: {'depth': 0.26}, 0: {'rate_hz': 19.36}}",0.21247671586187133,0.5
74.mp3,"{4: {'depth': 0.56}, 1: {'delay_seconds': 1.6}, 5: {'wet_level': 0.58}, 3: {'gain_db': -7.95}, 2: {'drive_db': 9.58}}","{2: {'drive_db': 3.92}, 5: {'wet_level': 0.42}, 3: {'gain_db': 2.8}, 1: {'delay_seconds': 1.9}, 4: {'depth': 0.46}}",0.6141724644462994,1.0
75.mp3,"{3: {'gain_db': -0.93}, 2: {'drive_db': 2.17}, 5: {'wet_level': 0.4}, 0: {'rate_hz': 10.53}, 4: {'depth': 0.49}}",{4: {'depth': 0.52}},0.1793103448275862,0.2
76.mp3,{5: {'wet_level': 0.25}},{3: {'gain_db': -6.94}},0.0,0.0
77.mp3,"{5: {'wet_level': 0.54}, 1: {'delay_seconds': 4.15}, 4: {'depth': 0.3}, 2: {'drive_db': 13.44}, 0: {'rate_hz': 4.69}}","{2: {'drive_db': 8.65}, 3: {'gain_db': -8.56}, 0: {'rate_hz': 15.84}}",0.17733391999428744,0.4
78.mp3,"{0: {'rate_hz': 15.26}, 2: {'drive_db': 8.16}, 4: {'depth': 0.43}}","{1: {'delay_seconds': 2.62}, 3: {'gain_db': -3.06}, 4: {'depth': 0.52}, 0: {'rate_hz': 19.48}, 2: {'drive_db': 17.36}, 5: {'wet_level': 0.32}}",0.2559559910541677,0.5
79.mp3,"{3: {'gain_db': 3.57}, 5: {'wet_level': 0.46}, 0: {'rate_hz': 17.99}, 2: {'drive_db': 8.53}}","{0: {'rate_hz': 4.25}, 3: {'gain_db': 4.12}, 2: {'drive_db': 7.88}, 5: {'wet_level': 0.52}}",0.7158299019478059,1.0
80.mp3,"{0: {'rate_hz': 5.89}, 5: {'wet_level': 0.35}, 1: {'delay_seconds': 4.19}, 2: {'drive_db': 4.85}, 3: {'gain_db': -9.71}, 4: {'depth': 0.39}}","{3: {'gain_db': 8.0}, 1: {'delay_seconds': 2.28}, 0: {'rate_hz': 5.13}}",0.24147712399739651,0.5
81.mp3,"{0: {'rate_hz': 5.65}, 4: {'depth': 0.56}, 3: {'gain_db': -1.27}, 5: {'wet_level': 0.53}, 2: {'drive_db': 14.06}}","{3: {'gain_db': -5.61}, 1: {'delay_seconds': 2.44}}",0.12298136645962732,0.2
82.mp3,"{2: {'drive_db': 8.46}, 4: {'depth': 0.26}, 3: {'gain_db': -5.38}, 0: {'rate_hz': 15.74}, 5: {'wet_level': 0.44}}",{3: {'gain_db': 7.59}},0.031339401820546176,0.2
83.mp3,"{4: {'depth': 0.42}, 1: {'delay_seconds': 3.33}}","{4: {'depth': 0.4}, 1: {'delay_seconds': 4.55}}",0.6927428794381585,1.0
84.mp3,"{0: {'rate_hz': 2.21}, 1: {'delay_seconds': 4.3}, 5: {'wet_level': 0.38}, 3: {'gain_db': -9.53}, 4: {'depth': 0.23}, 2: {'drive_db': 7.82}}","{2: {'drive_db': 8.46}, 4: {'depth': 0.52}, 5: {'wet_level': 0.24}, 1: {'delay_seconds': 4.14}}",0.4131370958957165,0.6666666666666666
85.mp3,"{3: {'gain_db': -7.43}, 5: {'wet_level': 0.34}, 0: {'rate_hz': 1.44}, 2: {'drive_db': 8.55}, 1: {'delay_seconds': 1.12}}","{2: {'drive_db': 19.19}, 0: {'rate_hz': 7.33}, 5: {'wet_level': 0.57}}",0.17375556710643672,0.6000000000000001
86.mp3,"{3: {'gain_db': -1.32}, 1: {'delay_seconds': 3.44}, 5: {'wet_level': 0.33}}",{2: {'drive_db': 15.81}},0.0,0.0
87.mp3,"{4: {'depth': 0.24}, 5: {'wet_level': 0.32}, 1: {'delay_seconds': 4.67}, 3: {'gain_db': 1.24}}","{1: {'delay_seconds': 4.56}, 2: {'drive_db': 3.34}, 5: {'wet_level': 0.25}, 3: {'gain_db': -9.23}, 0: {'rate_hz': 3.1}, 4: {'depth': 0.43}}",0.3767924680428195,0.6666666666666666
88.mp3,"{4: {'depth': 0.3}, 0: {'rate_hz': 11.73}, 5: {'wet_level': 0.25}, 1: {'delay_seconds': 3.87}, 2: {'drive_db': 12.76}, 3: {'gain_db': 6.84}}","{5: {'wet_level': 0.44}, 0: {'rate_hz': 10.79}, 2: {'drive_db': 2.1}, 3: {'gain_db': 6.05}, 1: {'delay_seconds': 4.95}}",0.5066427819433327,0.8333333333333333
89.mp3,"{4: {'depth': 0.35}, 5: {'wet_level': 0.23}}","{1: {'delay_seconds': 4.39}, 0: {'rate_hz': 1.92}, 5: {'wet_level': 0.6}, 2: {'drive_db': 11.82}}",0.0,0.25
90.mp3,"{2: {'drive_db': 19.21}, 4: {'depth': 0.39}}",{4: {'depth': 0.58}},0.04761904761904767,0.5
91.mp3,"{3: {'gain_db': -2.2}, 2: {'drive_db': 3.59}, 0: {'rate_hz': 1.5}, 4: {'depth': 0.36}, 1: {'delay_seconds': 3.77}}","{4: {'depth': 0.36}, 0: {'rate_hz': 19.33}, 3: {'gain_db': 4.59}, 2: {'drive_db': 4.98}, 5: {'wet_level': 0.4}}",0.47899087813200564,0.8
92.mp3,"{1: {'delay_seconds': 3.88}, 5: {'wet_level': 0.24}, 2: {'drive_db': 14.0}, 3: {'gain_db': -4.57}}","{2: {'drive_db': 3.87}, 0: {'rate_hz': 2.49}, 4: {'depth': 0.41}, 1: {'delay_seconds': 4.06}, 5: {'wet_level': 0.33}}",0.38165384615384623,0.6000000000000001
93.mp3,{5: {'wet_level': 0.51}},"{0: {'rate_hz': 12.64}, 3: {'gain_db': -1.33}, 5: {'wet_level': 0.6}, 1: {'delay_seconds': 2.47}}",0.1774193548387097,0.25
94.mp3,"{1: {'delay_seconds': 3.46}, 5: {'wet_level': 0.47}, 3: {'gain_db': 9.41}, 2: {'drive_db': 8.08}, 0: {'rate_hz': 17.24}, 4: {'depth': 0.43}}","{2: {'drive_db': 10.04}, 3: {'gain_db': -7.55}, 4: {'depth': 0.21}, 5: {'wet_level': 0.23}, 1: {'delay_seconds': 2.48}, 0: {'rate_hz': 18.94}}",0.43555494186138727,0.9999999999999999
95.mp3,"{5: {'wet_level': 0.32}, 0: {'rate_hz': 7.55}, 2: {'drive_db': 3.87}, 1: {'delay_seconds': 1.04}, 3: {'gain_db': -8.8}, 4: {'depth': 0.34}}","{5: {'wet_level': 0.22}, 4: {'depth': 0.56}, 0: {'rate_hz': 13.46}, 1: {'delay_seconds': 3.96}}",0.2641051273581393,0.6666666666666666
96.mp3,"{0: {'rate_hz': 13.41}, 3: {'gain_db': -4.64}, 1: {'delay_seconds': 4.76}, 5: {'wet_level': 0.54}, 4: {'depth': 0.44}, 2: {'drive_db': 3.01}}","{5: {'wet_level': 0.28}, 2: {'drive_db': 1.39}}",0.18999065194058787,0.3333333333333333
97.mp3,"{2: {'drive_db': 18.62}, 1: {'delay_seconds': 2.35}, 3: {'gain_db': 6.32}, 5: {'wet_level': 0.53}}","{3: {'gain_db': -0.47}, 4: {'depth': 0.32}, 0: {'rate_hz': 2.54}, 1: {'delay_seconds': 2.65}, 5: {'wet_level': 0.27}, 2: {'drive_db': 18.45}}",0.44553526937575166,0.6666666666666666
98.mp3,"{4: {'depth': 0.44}, 2: {'drive_db': 8.71}, 1: {'delay_seconds': 3.75}, 0: {'rate_hz': 5.72}, 3: {'gain_db': -8.71}, 5: {'wet_level': 0.21}}","{3: {'gain_db': -9.81}, 0: {'rate_hz': 10.94}, 4: {'depth': 0.55}, 2: {'drive_db': 11.77}}",0.47438200717740353,0.6666666666666666
99.mp3,"{0: {'rate_hz': 8.55}, 4: {'depth': 0.21}, 1: {'delay_seconds': 3.15}, 2: {'drive_db': 14.75}, 5: {'wet_level': 0.42}}",{1: {'delay_seconds': 1.26}},0.024186046511627902,0.2
100.mp3,"{3: {'gain_db': -5.71}, 5: {'wet_level': 0.49}, 0: {'rate_hz': 16.87}}","{0: {'rate_hz': 11.07}, 3: {'gain_db': -7.06}, 2: {'drive_db': 9.4}}",0.5161993445845735,0.6666666666666666
101.mp3,"{5: {'wet_level': 0.55}, 3: {'gain_db': 8.13}}","{2: {'drive_db': 9.16}, 1: {'delay_seconds': 1.84}, 0: {'rate_hz': 2.96}}",0.0,0.0
102.mp3,"{4: {'depth': 0.49}, 2: {'drive_db': 14.36}, 1: {'delay_seconds': 2.5}, 3: {'gain_db': 3.35}, 5: {'wet_level': 0.38}, 0: {'rate_hz': 15.23}}","{0: {'rate_hz': 19.91}, 1: {'delay_seconds': 2.81}}",0.2578528929491684,0.3333333333333333
103.mp3,"{4: {'depth': 0.37}, 5: {'wet_level': 0.6}, 1: {'delay_seconds': 3.88}, 0: {'rate_hz': 16.78}}","{4: {'depth': 0.5}, 1: {'delay_seconds': 1.54}, 2: {'drive_db': 14.56}, 0: {'rate_hz': 11.0}, 5: {'wet_level': 0.29}}",0.2961992340331735,0.8
104.mp3,"{4: {'depth': 0.24}, 3: {'gain_db': 8.96}, 0: {'rate_hz': 6.1}, 5: {'wet_level': 0.58}}","{1: {'delay_seconds': 4.59}, 5: {'wet_level': 0.38}, 3: {'gain_db': 5.74}, 2: {'drive_db': 17.24}, 0: {'rate_hz': 7.58}, 4: {'depth': 0.52}}",0.40326673149599346,0.6666666666666666
105.mp3,{0: {'rate_hz': 2.47}},{4: {'depth': 0.3}},0.0,0.0
106.mp3,"{0: {'rate_hz': 6.42}, 1: {'delay_seconds': 4.62}, 4: {'depth': 0.51}}","{4: {'depth': 0.26}, 0: {'rate_hz': 4.0}, 1: {'delay_seconds': 4.98}, 5: {'wet_level': 0.36}, 2: {'drive_db': 9.73}}",0.3831795266451419,0.6000000000000001
107.mp3,"{4: {'depth': 0.4}, 1: {'delay_seconds': 1.04}, 2: {'drive_db': 15.85}, 0: {'rate_hz': 9.33}}","{1: {'delay_seconds': 4.65}, 4: {'depth': 0.24}, 2: {'drive_db': 13.53}}",0.2830387205387205,0.75
108.mp3,"{1: {'delay_seconds': 4.65}, 2: {'drive_db': 16.74}, 4: {'depth': 0.35}, 0: {'rate_hz': 14.31}}",{2: {'drive_db': 10.46}},0.15025412960609913,0.25
109.mp3,"{1: {'delay_seconds': 2.09}, 3: {'gain_db': 2.14}, 4: {'depth': 0.35}, 2: {'drive_db': 15.74}, 0: {'rate_hz': 14.87}}","{4: {'depth': 0.23}, 0: {'rate_hz': 13.29}, 3: {'gain_db': -1.25}, 1: {'delay_seconds': 1.11}}",0.5580146283246921,0.8
110.mp3,"{2: {'drive_db': 14.88}, 4: {'depth': 0.35}}","{5: {'wet_level': 0.44}, 1: {'delay_seconds': 4.78}, 4: {'depth': 0.28}, 3: {'gain_db': -8.93}}",0.18000000000000005,0.25
111.mp3,"{0: {'rate_hz': 19.35}, 5: {'wet_level': 0.21}}","{3: {'gain_db': 5.29}, 5: {'wet_level': 0.23}, 1: {'delay_seconds': 1.53}}",0.3162393162393162,0.3333333333333333
112.mp3,"{4: {'depth': 0.58}, 2: {'drive_db': 13.77}}",{4: {'depth': 0.27}},0.09210526315789475,0.5
113.mp3,"{2: {'drive_db': 13.77}, 4: {'depth': 0.37}, 0: {'rate_hz': 16.54}, 1: {'delay_seconds': 2.92}, 5: {'wet_level': 0.58}}","{2: {'drive_db': 12.85}, 5: {'wet_level': 0.5}}",0.3434859662861147,0.4
114.mp3,"{3: {'gain_db': 5.33}, 5: {'wet_level': 0.36}, 1: {'delay_seconds': 3.68}, 2: {'drive_db': 1.46}, 0: {'rate_hz': 12.05}}",{4: {'depth': 0.34}},0.0,0.0
115.mp3,"{4: {'depth': 0.49}, 5: {'wet_level': 0.52}}","{3: {'gain_db': -4.97}, 5: {'wet_level': 0.35}}",0.23437499999999994,0.5
116.mp3,"{3: {'gain_db': -6.71}, 4: {'depth': 0.59}, 5: {'wet_level': 0.28}}","{2: {'drive_db': 5.86}, 4: {'depth': 0.43}, 0: {'rate_hz': 7.99}, 1: {'delay_seconds': 2.21}, 3: {'gain_db': 9.89}}",0.1192652948487778,0.4
117.mp3,{2: {'drive_db': 19.82}},"{0: {'rate_hz': 3.75}, 3: {'gain_db': 8.17}, 1: {'delay_seconds': 3.18}, 5: {'wet_level': 0.39}, 2: {'drive_db': 18.62}}",0.18724760892667378,0.2
118.mp3,"{3: {'gain_db': -7.43}, 2: {'drive_db': 2.34}, 4: {'depth': 0.22}, 1: {'delay_seconds': 2.77}}","{2: {'drive_db': 11.21}, 5: {'wet_level': 0.3}, 1: {'delay_seconds': 3.61}, 4: {'depth': 0.48}, 3: {'gain_db': 9.46}}",0.2935647841595132,0.8
119.mp3,"{4: {'depth': 0.6}, 1: {'delay_seconds': 1.34}, 2: {'drive_db': 9.83}, 3: {'gain_db': -6.25}, 5: {'wet_level': 0.49}}","{5: {'wet_level': 0.22}, 1: {'delay_seconds': 3.21}, 0: {'rate_hz': 16.54}, 4: {'depth': 0.24}, 2: {'drive_db': 6.18}, 3: {'gain_db': -9.33}}",0.35159989537061725,0.8333333333333333
120.mp3,"{2: {'drive_db': 19.32}, 3: {'gain_db': 8.5}, 4: {'depth': 0.21}}",{4: {'depth': 0.3}},0.2564102564102564,0.3333333333333333
121.mp3,"{1: {'delay_seconds': 2.37}, 4: {'depth': 0.27}, 0: {'rate_hz': 3.7}, 5: {'wet_level': 0.49}}",{5: {'wet_level': 0.43}},0.19827586206896552,0.25
122.mp3,"{2: {'drive_db': 17.21}, 3: {'gain_db': -7.86}, 5: {'wet_level': 0.47}, 1: {'delay_seconds': 4.31}}","{5: {'wet_level': 0.44}, 2: {'drive_db': 5.83}, 4: {'depth': 0.33}}",0.2967132771266022,0.5
123.mp3,{4: {'depth': 0.31}},"{4: {'depth': 0.5}, 0: {'rate_hz': 3.86}, 5: {'wet_level': 0.58}}",0.11494252873563215,0.3333333333333333
124.mp3,{0: {'rate_hz': 9.95}},"{2: {'drive_db': 16.28}, 1: {'delay_seconds': 1.31}, 0: {'rate_hz': 10.63}, 5: {'wet_level': 0.38}}",0.23308457711442782,0.25
125.mp3,"{5: {'wet_level': 0.51}, 2: {'drive_db': 4.42}}",{2: {'drive_db': 19.57}},0.013799743260590469,0.5
126.mp3,"{2: {'drive_db': 12.5}, 3: {'gain_db': 4.58}, 1: {'delay_seconds': 3.39}, 5: {'wet_level': 0.33}, 0: {'rate_hz': 19.83}, 4: {'depth': 0.44}}","{2: {'drive_db': 11.19}, 0: {'rate_hz': 5.6}, 1: {'delay_seconds': 2.55}, 3: {'gain_db': 9.01}}",0.41251211140341887,0.6666666666666666
127.mp3,{2: {'drive_db': 1.77}},"{0: {'rate_hz': 9.39}, 2: {'drive_db': 4.12}, 5: {'wet_level': 0.26}, 3: {'gain_db': -9.95}, 4: {'depth': 0.21}}",0.1742183214481624,0.2
128.mp3,"{1: {'delay_seconds': 1.17}, 0: {'rate_hz': 11.61}}","{5: {'wet_level': 0.33}, 3: {'gain_db': -8.25}, 4: {'depth': 0.46}, 2: {'drive_db': 6.88}, 1: {'delay_seconds': 2.41}}",0.1352480417754569,0.2
129.mp3,"{3: {'gain_db': 9.13}, 4: {'depth': 0.34}}","{2: {'drive_db': 9.84}, 1: {'delay_seconds': 4.73}, 4: {'depth': 0.44}, 0: {'rate_hz': 5.38}, 5: {'wet_level': 0.22}, 3: {'gain_db': -3.82}}",0.1564062353398475,0.3333333333333333
130.mp3,"{4: {'depth': 0.35}, 0: {'rate_hz': 1.56}, 2: {'drive_db': 6.13}, 5: {'wet_level': 0.24}}","{0: {'rate_hz': 2.25}, 2: {'drive_db': 7.47}, 3: {'gain_db': -3.35}, 4: {'depth': 0.5}, 5: {'wet_level': 0.22}}",0.6420828795708802,0.8
131.mp3,"{0: {'rate_hz': 12.68}, 4: {'depth': 0.31}}","{5: {'wet_level': 0.45}, 3: {'gain_db': 0.0}, 4: {'depth': 0.24}, 1: {'delay_seconds': 1.26}, 0: {'rate_hz': 7.97}, 2: {'drive_db': 2.97}}",0.225894544166273,0.3333333333333333
132.mp3,"{2: {'drive_db': 16.94}, 4: {'depth': 0.35}}","{2: {'drive_db': 7.0}, 3: {'gain_db': -3.35}, 5: {'wet_level': 0.37}, 0: {'rate_hz': 7.46}}",0.09410288582183185,0.25
133.mp3,{5: {'wet_level': 0.49}},"{3: {'gain_db': -4.71}, 4: {'depth': 0.53}, 1: {'delay_seconds': 4.17}, 2: {'drive_db': 7.06}, 5: {'wet_level': 0.37}, 0: {'rate_hz': 18.06}}",0.09770114942528736,0.16666666666666666
134.mp3,"{1: {'delay_seconds': 3.06}, 3: {'gain_db': 4.15}, 4: {'depth': 0.57}}",{0: {'rate_hz': 18.28}},0.0,0.0
135.mp3,"{5: {'wet_level': 0.22}, 3: {'gain_db': -6.31}, 0: {'rate_hz': 15.1}}","{5: {'wet_level': 0.57}, 4: {'depth': 0.53}, 3: {'gain_db': 0.09}, 1: {'delay_seconds': 4.57}}",0.17163751653812642,0.5
136.mp3,"{4: {'depth': 0.48}, 0: {'rate_hz': 7.26}, 1: {'delay_seconds': 2.14}, 3: {'gain_db': -4.24}, 5: {'wet_level': 0.46}}","{0: {'rate_hz': 6.55}, 3: {'gain_db': 1.16}, 2: {'drive_db': 10.79}, 4: {'depth': 0.45}, 1: {'delay_seconds': 2.73}, 5: {'wet_level': 0.47}}",0.7021930717757363,0.8333333333333333
137.mp3,"{1: {'delay_seconds': 4.71}, 4: {'depth': 0.36}, 3: {'gain_db': -1.39}, 2: {'drive_db': 8.54}}","{4: {'depth': 0.57}, 3: {'gain_db': 8.48}, 0: {'rate_hz': 2.49}, 5: {'wet_level': 0.2}, 1: {'delay_seconds': 4.21}}",0.2247359011191072,0.6000000000000001
138.mp3,{3: {'gain_db': 5.09}},"{3: {'gain_db': 3.2}, 0: {'rate_hz': 8.37}}",0.437375745526839,0.5
139.mp3,{4: {'depth': 0.38}},"{4: {'depth': 0.21}, 0: {'rate_hz': 1.18}, 3: {'gain_db': -5.66}, 1: {'delay_seconds': 4.57}}",0.05681818181818177,0.25
140.mp3,"{5: {'wet_level': 0.45}, 3: {'gain_db': -4.06}, 4: {'depth': 0.25}, 2: {'drive_db': 4.56}, 0: {'rate_hz': 18.91}}","{0: {'rate_hz': 12.89}, 4: {'depth': 0.52}, 2: {'drive_db': 10.7}}",0.2989555929991268,0.6000000000000001
141.mp3,"{3: {'gain_db': 5.21}, 5: {'wet_level': 0.3}, 2: {'drive_db': 4.91}, 4: {'depth': 0.44}, 1: {'delay_seconds': 4.04}}","{2: {'drive_db': 5.62}, 5: {'wet_level': 0.33}, 1: {'delay_seconds': 3.03}, 3: {'gain_db': 2.56}, 4: {'depth': 0.5}, 0: {'rate_hz': 5.68}}",0.6827474414674393,0.8333333333333333
142.mp3,"{3: {'gain_db': -4.81}, 2: {'drive_db': 1.29}, 5: {'wet_level': 0.44}}","{5: {'wet_level': 0.57}, 2: {'drive_db': 5.92}, 0: {'rate_hz': 4.69}}",0.40362402755508053,0.6666666666666666
143.mp3,"{3: {'gain_db': -4.7}, 4: {'depth': 0.26}, 2: {'drive_db': 17.52}, 5: {'wet_level': 0.53}, 1: {'delay_seconds': 4.7}}","{0: {'rate_hz': 12.32}, 2: {'drive_db': 16.47}, 3: {'gain_db': -7.99}, 5: {'wet_level': 0.49}, 1: {'delay_seconds': 2.69}}",0.6096351579402427,0.8
144.mp3,"{1: {'delay_seconds': 3.92}, 3: {'gain_db': -7.22}, 5: {'wet_level': 0.28}, 0: {'rate_hz': 13.06}, 2: {'drive_db': 15.16}}","{2: {'drive_db': 15.3}, 4: {'depth': 0.47}, 1: {'delay_seconds': 3.06}, 0: {'rate_hz': 14.38}, 3: {'gain_db': 3.12}, 5: {'wet_level': 0.46}}",0.5705291890020561,0.8333333333333333
145.mp3,"{5: {'wet_level': 0.49}, 3: {'gain_db': 4.34}, 2: {'drive_db': 19.85}, 0: {'rate_hz': 6.41}}","{2: {'drive_db': 4.46}, 0: {'rate_hz': 9.22}, 5: {'wet_level': 0.36}}",0.38212720774949593,0.75
146.mp3,"{5: {'wet_level': 0.38}, 0: {'rate_hz': 6.69}}","{1: {'delay_seconds': 2.36}, 2: {'drive_db': 10.36}}",0.0,0.0
147.mp3,"{3: {'gain_db': -0.38}, 2: {'drive_db': 18.0}, 4: {'depth': 0.33}}","{3: {'gain_db': 5.59}, 1: {'delay_seconds': 2.08}, 2: {'drive_db': 4.63}, 0: {'rate_hz': 1.86}, 5: {'wet_level': 0.49}, 4: {'depth': 0.42}}",0.21750859496014208,0.5
148.mp3,"{1: {'delay_seconds': 2.72}, 2: {'drive_db': 17.3}, 5: {'wet_level': 0.35}}","{2: {'drive_db': 8.6}, 5: {'wet_level': 0.58}, 1: {'delay_seconds': 3.38}, 3: {'gain_db': 8.79}}",0.3141959961252826,0.75
149.mp3,"{1: {'delay_seconds': 3.86}, 5: {'wet_level': 0.52}}","{4: {'depth': 0.35}, 1: {'delay_seconds': 4.72}, 3: {'gain_db': 0.61}, 0: {'rate_hz': 7.69}}",0.17482517482517484,0.25
150.mp3,{3: {'gain_db': -8.81}},"{4: {'depth': 0.33}, 5: {'wet_level': 0.25}, 2: {'drive_db': 11.51}, 3: {'gain_db': 1.67}}",0.11071238702817651,0.25
151.mp3,{4: {'depth': 0.43}},"{3: {'gain_db': -1.47}, 5: {'wet_level': 0.44}, 1: {'delay_seconds': 3.53}, 2: {'drive_db': 10.95}, 0: {'rate_hz': 5.04}}",0.0,0.0
152.mp3,"{3: {'gain_db': 9.47}, 5: {'wet_level': 0.3}}",{5: {'wet_level': 0.51}},0.14999999999999997,0.5
153.mp3,"{5: {'wet_level': 0.36}, 0: {'rate_hz': 18.67}}","{4: {'depth': 0.36}, 2: {'drive_db': 5.82}, 5: {'wet_level': 0.38}, 1: {'delay_seconds': 2.14}, 0: {'rate_hz': 11.01}}",0.2966327108092813,0.4
154.mp3,"{1: {'delay_seconds': 1.5}, 3: {'gain_db': 0.23}, 2: {'drive_db': 5.08}, 5: {'wet_level': 0.31}}","{0: {'rate_hz': 18.74}, 4: {'depth': 0.49}, 1: {'delay_seconds': 2.19}}",0.20071428571428573,0.25
155.mp3,{0: {'rate_hz': 18.72}},"{0: {'rate_hz': 2.31}, 3: {'gain_db': 4.58}, 5: {'wet_level': 0.5}}",0.02464258841234009,0.3333333333333333
156.mp3,"{0: {'rate_hz': 16.28}, 4: {'depth': 0.51}}","{0: {'rate_hz': 6.59}, 3: {'gain_db': -1.69}, 5: {'wet_level': 0.57}}",0.12194589877835948,0.3333333333333333
157.mp3,"{2: {'drive_db': 5.71}, 1: {'delay_seconds': 1.79}, 4: {'depth': 0.39}, 0: {'rate_hz': 18.22}, 5: {'wet_level': 0.48}, 3: {'gain_db': -4.39}}","{2: {'drive_db': 14.38}, 0: {'rate_hz': 12.68}, 4: {'depth': 0.36}}",0.32145099017720147,0.5
158.mp3,"{3: {'gain_db': 2.37}, 2: {'drive_db': 14.93}, 0: {'rate_hz': 15.0}, 5: {'wet_level': 0.53}, 1: {'delay_seconds': 1.31}}","{4: {'depth': 0.31}, 0: {'rate_hz': 19.82}}",0.13114285714285714,0.2
159.mp3,"{0: {'rate_hz': 4.52}, 1: {'delay_seconds': 2.64}, 4: {'depth': 0.46}, 3: {'gain_db': -5.46}, 5: {'wet_level': 0.39}, 2: {'drive_db': 11.94}}","{3: {'gain_db': 4.33}, 5: {'wet_level': 0.39}, 0: {'rate_hz': 19.08}, 1: {'delay_seconds': 1.83}, 2: {'drive_db': 5.08}}",0.4093179039236046,0.8333333333333333
160.mp3,{4: {'depth': 0.59}},"{3: {'gain_db': -9.73}, 1: {'delay_seconds': 2.5}, 0: {'rate_hz': 11.39}}",0.0,0.0
161.mp3,"{0: {'rate_hz': 12.46}, 4: {'depth': 0.33}, 5: {'wet_level': 0.34}}",{3: {'gain_db': -2.01}},0.0,0.0
162.mp3,"{5: {'wet_level': 0.38}, 0: {'rate_hz': 11.17}, 1: {'delay_seconds': 4.6}, 4: {'depth': 0.49}}","{1: {'delay_seconds': 3.32}, 2: {'drive_db': 16.93}, 4: {'depth': 0.47}, 0: {'rate_hz': 5.52}, 5: {'wet_level': 0.59}}",0.413075583420411,0.8
163.mp3,{3: {'gain_db': -5.04}},"{2: {'drive_db': 5.63}, 0: {'rate_hz': 18.4}, 5: {'wet_level': 0.45}, 4: {'depth': 0.27}}",0.0,0.0
164.mp3,"{2: {'drive_db': 19.47}, 5: {'wet_level': 0.45}, 1: {'delay_seconds': 3.7}, 4: {'depth': 0.25}, 0: {'rate_hz': 3.21}, 3: {'gain_db': 1.78}}","{0: {'rate_hz': 3.97}, 4: {'depth': 0.36}, 3: {'gain_db': -2.05}, 5: {'wet_level': 0.22}, 1: {'delay_seconds': 3.92}, 2: {'drive_db': 15.67}}",0.6846835657965081,0.9999999999999999
165.mp3,"{0: {'rate_hz': 8.62}, 3: {'gain_db': -8.14}, 5: {'wet_level': 0.43}, 1: {'delay_seconds': 2.13}}","{3: {'gain_db': 5.57}, 1: {'delay_seconds': 3.22}}",0.21610518652831823,0.5
166.mp3,"{0: {'rate_hz': 13.84}, 2: {'drive_db': 18.89}, 4: {'depth': 0.43}, 3: {'gain_db': 3.91}, 1: {'delay_seconds': 3.92}}","{2: {'drive_db': 6.92}, 1: {'delay_seconds': 4.05}, 5: {'wet_level': 0.49}, 4: {'depth': 0.52}, 3: {'gain_db': 3.46}, 0: {'rate_hz': 6.09}}",0.5431921410834872,0.8333333333333333
167.mp3,"{3: {'gain_db': 5.5}, 1: {'delay_seconds': 3.76}}","{2: {'drive_db': 18.22}, 5: {'wet_level': 0.53}}",0.0,0.0
168.mp3,"{2: {'drive_db': 7.11}, 3: {'gain_db': -4.33}}","{1: {'delay_seconds': 2.25}, 5: {'wet_level': 0.3}, 3: {'gain_db': 7.38}, 4: {'depth': 0.5}, 2: {'drive_db': 2.58}, 0: {'rate_hz': 9.28}}",0.13856633265426438,0.3333333333333333
169.mp3,"{5: {'wet_level': 0.57}, 0: {'rate_hz': 3.87}}","{0: {'rate_hz': 7.9}, 2: {'drive_db': 12.31}, 3: {'gain_db': -6.07}, 4: {'depth': 0.29}}",0.18753874767513948,0.25
170.mp3,"{3: {'gain_db': -9.92}, 2: {'drive_db': 16.34}, 1: {'delay_seconds': 3.04}, 4: {'depth': 0.27}, 0: {'rate_hz': 10.7}}","{1: {'delay_seconds': 1.23}, 5: {'wet_level': 0.29}, 4: {'depth': 0.59}}",0.028609625668449226,0.4
171.mp3,"{0: {'rate_hz': 12.71}, 4: {'depth': 0.24}, 5: {'wet_level': 0.53}, 1: {'delay_seconds': 2.0}}","{1: {'delay_seconds': 3.96}, 2: {'drive_db': 6.21}, 0: {'rate_hz': 4.74}, 4: {'depth': 0.37}, 5: {'wet_level': 0.34}}",0.34583662414063776,0.8
172.mp3,"{3: {'gain_db': -5.13}, 2: {'drive_db': 18.71}, 1: {'delay_seconds': 2.62}}","{1: {'delay_seconds': 3.17}, 5: {'wet_level': 0.2}, 3: {'gain_db': -0.27}, 4: {'depth': 0.43}}",0.361922859031253,0.5
173.mp3,"{2: {'drive_db': 5.73}, 5: {'wet_level': 0.5}, 0: {'rate_hz': 4.36}, 4: {'depth': 0.32}, 3: {'gain_db': 0.75}}","{5: {'wet_level': 0.27}, 3: {'gain_db': -7.95}, 2: {'drive_db': 4.79}, 1: {'delay_seconds': 4.53}, 4: {'depth': 0.3}}",0.45734599532353815,0.8
174.mp3,"{1: {'delay_seconds': 1.83}, 0: {'rate_hz': 4.79}, 2: {'drive_db': 9.49}}","{3: {'gain_db': 4.34}, 2: {'drive_db': 3.07}, 5: {'wet_level': 0.26}, 0: {'rate_hz': 13.26}, 1: {'delay_seconds': 3.33}, 4: {'depth': 0.47}}",0.22651609793655214,0.5
175.mp3,{3: {'gain_db': 3.47}},{2: {'drive_db': 2.1}},0.0,0.0
176.mp3,{4: {'depth': 0.33}},"{5: {'wet_level': 0.5}, 0: {'rate_hz': 5.08}, 1: {'delay_seconds': 4.83}, 2: {'drive_db': 18.01}, 3: {'gain_db': 9.02}}",0.0,0.0
177.mp3,"{3: {'gain_db': -8.28}, 0: {'rate_hz': 15.78}, 2: {'drive_db': 5.27}, 1: {'delay_seconds': 3.76}}","{2: {'drive_db': 18.97}, 4: {'depth': 0.33}, 5: {'wet_level': 0.37}}",0.01748133061778684,0.25
178.mp3,{4: {'depth': 0.57}},"{5: {'wet_level': 0.47}, 1: {'delay_seconds': 3.48}, 2: {'drive_db': 2.43}, 3: {'gain_db': -8.97}}",0.0,0.0
179.mp3,"{0: {'rate_hz': 17.02}, 5: {'wet_level': 0.38}}","{0: {'rate_hz': 14.61}, 2: {'drive_db': 1.04}, 4: {'depth': 0.45}}",0.2831876820640865,0.3333333333333333
180.mp3,"{2: {'drive_db': 9.38}, 5: {'wet_level': 0.57}, 0: {'rate_hz': 10.37}, 3: {'gain_db': -2.05}, 4: {'depth': 0.23}}","{4: {'depth': 0.27}, 2: {'drive_db': 13.57}, 5: {'wet_level': 0.45}, 3: {'gain_db': 8.68}}",0.45651450592585696,0.8
181.mp3,"{1: {'delay_seconds': 1.64}, 5: {'wet_level': 0.25}}","{5: {'wet_level': 0.36}, 3: {'gain_db': 5.4}, 0: {'rate_hz': 1.12}, 4: {'depth': 0.6}, 1: {'delay_seconds': 3.01}, 2: {'drive_db': 10.46}}",0.21299603174603177,0.3333333333333333
182.mp3,"{4: {'depth': 0.52}, 2: {'drive_db': 1.36}, 3: {'gain_db': -1.03}, 1: {'delay_seconds': 2.58}, 0: {'rate_hz': 8.37}}","{0: {'rate_hz': 11.07}, 2: {'drive_db': 1.46}, 4: {'depth': 0.22}, 5: {'wet_level': 0.59}}",0.3649953963222242,0.6000000000000001
183.mp3,"{3: {'gain_db': -0.28}, 0: {'rate_hz': 12.56}, 2: {'drive_db': 8.62}}","{4: {'depth': 0.49}, 5: {'wet_level': 0.3}, 0: {'rate_hz': 2.24}}",0.035755478662053045,0.3333333333333333
184.mp3,{5: {'wet_level': 0.39}},"{4: {'depth': 0.6}, 3: {'gain_db': -1.53}, 0: {'rate_hz': 15.87}, 5: {'wet_level': 0.47}, 2: {'drive_db': 11.99}, 1: {'delay_seconds': 4.69}}",0.1031746031746032,0.16666666666666666
185.mp3,"{0: {'rate_hz': 4.65}, 1: {'delay_seconds': 4.8}, 5: {'wet_level': 0.26}, 4: {'depth': 0.6}, 2: {'drive_db': 11.93}, 3: {'gain_db': -4.48}}","{5: {'wet_level': 0.33}, 3: {'gain_db': 5.57}, 1: {'delay_seconds': 1.14}, 2: {'drive_db': 2.61}, 0: {'rate_hz': 5.14}, 4: {'depth': 0.56}}",0.5253796935235793,0.9999999999999999
186.mp3,{5: {'wet_level': 0.27}},"{1: {'delay_seconds': 4.35}, 0: {'rate_hz': 13.78}, 2: {'drive_db': 2.49}}",0.0,0.0
187.mp3,"{1: {'delay_seconds': 2.51}, 0: {'rate_hz': 6.65}}","{1: {'delay_seconds': 1.33}, 2: {'drive_db': 2.03}, 4: {'depth': 0.43}, 0: {'rate_hz': 17.73}}",0.17403546771355086,0.5
188.mp3,"{0: {'rate_hz': 10.81}, 2: {'drive_db': 7.46}}","{4: {'depth': 0.25}, 1: {'delay_seconds': 4.43}, 2: {'drive_db': 6.35}}",0.3038277511961722,0.3333333333333333
189.mp3,"{4: {'depth': 0.34}, 0: {'rate_hz': 18.29}, 1: {'delay_seconds': 2.41}, 3: {'gain_db': -6.19}, 2: {'drive_db': 5.19}}","{5: {'wet_level': 0.52}, 2: {'drive_db': 16.29}, 4: {'depth': 0.56}, 1: {'delay_seconds': 2.64}, 0: {'rate_hz': 7.58}}",0.33922325624944766,0.8
190.mp3,{4: {'depth': 0.22}},"{3: {'gain_db': -4.14}, 2: {'drive_db': 3.24}, 1: {'delay_seconds': 3.14}, 5: {'wet_level': 0.41}}",0.0,0.0
191.mp3,{2: {'drive_db': 14.5}},"{3: {'gain_db': 0.23}, 4: {'depth': 0.48}, 1: {'delay_seconds': 4.96}, 0: {'rate_hz': 5.24}}",0.0,0.0
192.mp3,"{0: {'rate_hz': 8.91}, 5: {'wet_level': 0.58}, 3: {'gain_db': 4.37}, 2: {'drive_db': 14.56}, 1: {'delay_seconds': 3.93}, 4: {'depth': 0.46}}","{0: {'rate_hz': 17.53}, 2: {'drive_db': 3.01}, 5: {'wet_level': 0.52}, 4: {'depth': 0.38}, 3: {'gain_db': 7.63}, 1: {'delay_seconds': 1.88}}",0.49647433297845656,0.9999999999999999
193.mp3,{5: {'wet_level': 0.52}},"{5: {'wet_level': 0.21}, 1: {'delay_seconds': 2.37}, 3: {'gain_db': -4.03}}",0.01041666666666663,0.3333333333333333
194.mp3,"{3: {'gain_db': 3.62}, 5: {'wet_level': 0.2}, 1: {'delay_seconds': 2.34}, 2: {'drive_db': 9.12}}","{4: {'depth': 0.55}, 1: {'delay_seconds': 2.35}, 3: {'gain_db': -0.49}, 5: {'wet_level': 0.47}}",0.5048696217415786,0.75
195.mp3,"{2: {'drive_db': 1.49}, 0: {'rate_hz': 10.34}, 3: {'gain_db': -2.12}}","{5: {'wet_level': 0.25}, 3: {'gain_db': -4.5}, 2: {'drive_db': 8.84}}",0.46884923500453773,0.6666666666666666
196.mp3,"{0: {'rate_hz': 12.32}, 2: {'drive_db': 9.52}, 3: {'gain_db': 3.07}, 5: {'wet_level': 0.21}, 1: {'delay_seconds': 1.5}}","{4: {'depth': 0.22}, 2: {'drive_db': 19.62}, 3: {'gain_db': -9.63}, 5: {'wet_level': 0.28}, 1: {'delay_seconds': 3.75}}",0.24844486489212184,0.8
197.mp3,{4: {'depth': 0.42}},{5: {'wet_level': 0.31}},0.0,0.0
198.mp3,"{0: {'rate_hz': 13.01}, 3: {'gain_db': 8.49}, 1: {'delay_seconds': 3.65}, 4: {'depth': 0.49}, 2: {'drive_db': 19.5}, 5: {'wet_level': 0.43}}","{4: {'depth': 0.25}, 3: {'gain_db': 4.04}, 1: {'delay_seconds': 1.81}, 5: {'wet_level': 0.53}}",0.3004368214986356,0.6666666666666666
199.mp3,"{0: {'rate_hz': 17.82}, 1: {'delay_seconds': 3.27}, 3: {'gain_db': -3.31}, 4: {'depth': 0.39}}","{4: {'depth': 0.31}, 2: {'drive_db': 18.35}, 3: {'gain_db': -5.71}, 0: {'rate_hz': 17.44}, 5: {'wet_level': 0.2}}",0.4832279829262956,0.6000000000000001
200.mp3,"{4: {'depth': 0.26}, 2: {'drive_db': 1.88}, 0: {'rate_hz': 5.5}, 5: {'wet_level': 0.33}, 3: {'gain_db': -5.13}, 1: {'delay_seconds': 4.52}}","{2: {'drive_db': 2.76}, 4: {'depth': 0.22}, 0: {'rate_hz': 12.29}}",0.3942519929491169,0.5
201.mp3,"{5: {'wet_level': 0.36}, 4: {'depth': 0.42}}","{4: {'depth': 0.41}, 2: {'drive_db': 2.58}, 0: {'rate_hz': 4.22}, 3: {'gain_db': -2.15}, 5: {'wet_level': 0.37}, 1: {'delay_seconds': 2.49}}",0.31881313131313127,0.3333333333333333
202.mp3,{3: {'gain_db': 2.72}},"{5: {'wet_level': 0.38}, 0: {'rate_hz': 16.16}}",0.0,0.0
203.mp3,"{0: {'rate_hz': 5.22}, 1: {'delay_seconds': 3.84}, 2: {'drive_db': 19.37}, 3: {'gain_db': 9.49}, 4: {'depth': 0.46}}","{0: {'rate_hz': 5.02}, 5: {'wet_level': 0.51}, 1: {'delay_seconds': 4.9}, 4: {'depth': 0.43}, 2: {'drive_db': 6.53}, 3: {'gain_db': -3.65}}",0.5207810916723281,0.8333333333333333
204.mp3,"{2: {'drive_db': 7.84}, 0: {'rate_hz': 3.12}, 4: {'depth': 0.22}}","{2: {'drive_db': 6.5}, 4: {'depth': 0.47}, 5: {'wet_level': 0.6}, 0: {'rate_hz': 15.27}, 1: {'delay_seconds': 3.69}}",0.30242423297580445,0.6000000000000001
205.mp3,{1: {'delay_seconds': 3.87}},"{5: {'wet_level': 0.43}, 1: {'delay_seconds': 3.17}, 0: {'rate_hz': 7.63}, 3: {'gain_db': -8.69}}",0.18902439024390244,0.25
206.mp3,"{1: {'delay_seconds': 2.08}, 4: {'depth': 0.26}, 0: {'rate_hz': 16.78}, 3: {'gain_db': 4.54}, 5: {'wet_level': 0.33}, 2: {'drive_db': 17.32}}","{1: {'delay_seconds': 4.27}, 4: {'depth': 0.52}, 0: {'rate_hz': 4.36}, 5: {'wet_level': 0.39}, 2: {'drive_db': 8.64}, 3: {'gain_db': 1.35}}",0.45412368899015,0.9999999999999999
207.mp3,"{4: {'depth': 0.33}, 0: {'rate_hz': 10.54}, 1: {'delay_seconds': 4.71}, 2: {'drive_db': 19.6}}","{4: {'depth': 0.43}, 0: {'rate_hz': 12.27}}",0.36207197763801535,0.5
208.mp3,"{0: {'rate_hz': 6.87}, 4: {'depth': 0.22}, 2: {'drive_db': 18.73}}","{1: {'delay_seconds': 4.88}, 4: {'depth': 0.39}}",0.18421052631578944,0.3333333333333333
209.mp3,{0: {'rate_hz': 4.52}},"{4: {'depth': 0.46}, 5: {'wet_level': 0.33}, 3: {'gain_db': -1.68}, 2: {'drive_db': 16.09}}",0.0,0.0
210.mp3,"{5: {'wet_level': 0.4}, 1: {'delay_seconds': 1.5}}",{4: {'depth': 0.47}},0.0,0.0
211.mp3,{5: {'wet_level': 0.27}},"{4: {'depth': 0.56}, 2: {'drive_db': 11.28}, 0: {'rate_hz': 4.28}, 3: {'gain_db': -0.17}, 1: {'delay_seconds': 1.5}}",0.0,0.0
212.mp3,"{4: {'depth': 0.37}, 0: {'rate_hz': 17.54}, 3: {'gain_db': -0.32}, 1: {'delay_seconds': 2.42}, 2: {'drive_db': 11.73}}","{3: {'gain_db': -1.11}, 4: {'depth': 0.45}, 0: {'rate_hz': 18.99}, 2: {'drive_db': 10.47}}",0.6741058978486015,0.8
213.mp3,"{3: {'gain_db': 2.1}, 1: {'delay_seconds': 1.1}, 5: {'wet_level': 0.32}}","{2: {'drive_db': 18.96}, 5: {'wet_level': 0.36}, 1: {'delay_seconds': 4.24}, 4: {'depth': 0.59}, 0: {'rate_hz': 19.66}}",0.21040293040293043,0.4
214.mp3,"{4: {'depth': 0.6}, 2: {'drive_db': 12.7}, 0: {'rate_hz': 4.41}, 3: {'gain_db': -3.62}, 5: {'wet_level': 0.43}, 1: {'delay_seconds': 2.37}}","{3: {'gain_db': -1.16}, 4: {'depth': 0.31}, 0: {'rate_hz': 10.3}, 5: {'wet_level': 0.25}, 1: {'delay_seconds': 3.93}}",0.3901353974404629,0.8333333333333333
215.mp3,"{2: {'drive_db': 13.81}, 4: {'depth': 0.5}, 3: {'gain_db': -5.79}}","{0: {'rate_hz': 1.98}, 2: {'drive_db': 15.39}, 5: {'wet_level': 0.43}, 1: {'delay_seconds': 4.09}, 3: {'gain_db': -1.62}, 4: {'depth': 0.41}}",0.38542794388421936,0.5
216.mp3,"{1: {'delay_seconds': 3.14}, 4: {'depth': 0.53}, 0: {'rate_hz': 10.65}, 3: {'gain_db': -1.53}, 2: {'drive_db': 10.25}, 5: {'wet_level': 0.46}}","{5: {'wet_level': 0.46}, 2: {'drive_db': 10.89}, 3: {'gain_db': -4.96}, 1: {'delay_seconds': 3.02}}",0.5967998976334808,0.6666666666666666
217.mp3,"{4: {'depth': 0.59}, 1: {'delay_seconds': 1.6}, 5: {'wet_level': 0.51}, 0: {'rate_hz': 13.54}, 2: {'drive_db': 8.3}, 3: {'gain_db': -8.92}}","{2: {'drive_db': 5.42}, 4: {'depth': 0.48}, 0: {'rate_hz': 1.07}, 5: {'wet_level': 0.55}}",0.39139079181524,0.6666666666666666
218.mp3,"{3: {'gain_db': -6.85}, 4: {'depth': 0.59}, 0: {'rate_hz': 18.76}, 2: {'drive_db': 18.64}, 5: {'wet_level': 0.47}, 1: {'delay_seconds': 2.43}}","{1: {'delay_seconds': 4.85}, 0: {'rate_hz': 13.52}, 4: {'depth': 0.39}, 2: {'drive_db': 5.73}}",0.2531067984097445,0.6666666666666666
219.mp3,{2: {'drive_db': 4.84}},"{5: {'wet_level': 0.26}, 0: {'rate_hz': 19.97}}",0.0,0.0
220.mp3,"{4: {'depth': 0.38}, 2: {'drive_db': 12.17}, 0: {'rate_hz': 14.95}, 3: {'gain_db': 1.61}, 1: {'delay_seconds': 4.88}}",{5: {'wet_level': 0.46}},0.0,0.0
221.mp3,"{3: {'gain_db': 3.87}, 2: {'drive_db': 14.35}, 5: {'wet_level': 0.6}, 0: {'rate_hz': 1.92}, 1: {'delay_seconds': 4.66}}",{0: {'rate_hz': 16.7}},0.036504424778761056,0.2
222.mp3,"{5: {'wet_level': 0.33}, 3: {'gain_db': -6.77}, 2: {'drive_db': 19.5}}",{2: {'drive_db': 13.6}},0.22702702702702698,0.3333333333333333
223.mp3,"{2: {'drive_db': 1.38}, 0: {'rate_hz': 15.29}, 3: {'gain_db': -8.51}, 4: {'depth': 0.27}, 5: {'wet_level': 0.41}}",{1: {'delay_seconds': 4.61}},0.0,0.0
224.mp3,"{1: {'delay_seconds': 2.49}, 2: {'drive_db': 13.48}, 5: {'wet_level': 0.6}}","{2: {'drive_db': 10.28}, 1: {'delay_seconds': 3.6}, 5: {'wet_level': 0.53}, 0: {'rate_hz': 14.65}}",0.5315896669731331,0.75
225.mp3,"{0: {'rate_hz': 19.38}, 2: {'drive_db': 2.68}}",{4: {'depth': 0.4}},0.0,0.0
226.mp3,"{2: {'drive_db': 19.71}, 5: {'wet_level': 0.52}}","{0: {'rate_hz': 4.48}, 3: {'gain_db': -2.29}}",0.0,0.0
227.mp3,"{2: {'drive_db': 19.23}, 4: {'depth': 0.55}, 0: {'rate_hz': 14.6}, 1: {'delay_seconds': 4.24}, 3: {'gain_db': 1.72}}","{5: {'wet_level': 0.44}, 1: {'delay_seconds': 2.47}}",0.09074074074074075,0.2
228.mp3,"{0: {'rate_hz': 6.48}, 2: {'drive_db': 8.76}, 5: {'wet_level': 0.2}, 1: {'delay_seconds': 3.9}, 4: {'depth': 0.23}, 3: {'gain_db': 6.67}}",{1: {'delay_seconds': 2.96}},0.11264367816091954,0.16666666666666666
229.mp3,{1: {'delay_seconds': 3.22}},"{1: {'delay_seconds': 4.72}, 0: {'rate_hz': 15.96}, 5: {'wet_level': 0.27}}",0.10810810810810818,0.3333333333333333
230.mp3,"{4: {'depth': 0.23}, 1: {'delay_seconds': 3.31}, 3: {'gain_db': 7.54}, 0: {'rate_hz': 13.86}, 5: {'wet_level': 0.43}, 2: {'drive_db': 2.03}}","{4: {'depth': 0.46}, 0: {'rate_hz': 17.45}, 5: {'wet_level': 0.6}, 2: {'drive_db': 4.78}, 3: {'gain_db': -4.22}}",0.42276457027022324,0.8333333333333333
231.mp3,{5: {'wet_level': 0.31}},{2: {'drive_db': 5.02}},0.0,0.0
232.mp3,"{0: {'rate_hz': 12.86}, 5: {'wet_level': 0.58}, 2: {'drive_db': 10.59}, 3: {'gain_db': 1.98}, 4: {'depth': 0.25}}","{4: {'depth': 0.22}, 0: {'rate_hz': 14.01}, 3: {'gain_db': -1.0}, 2: {'drive_db': 8.76}}",0.6755498878970286,0.8
233.mp3,"{3: {'gain_db': 7.58}, 4: {'depth': 0.44}, 0: {'rate_hz': 15.1}, 1: {'delay_seconds': 3.54}}","{1: {'delay_seconds': 1.83}, 2: {'drive_db': 10.02}, 4: {'depth': 0.48}}",0.2900262467191601,0.5
234.mp3,"{3: {'gain_db': -1.5}, 4: {'depth': 0.37}, 1: {'delay_seconds': 3.17}}","{4: {'depth': 0.55}, 1: {'delay_seconds': 2.31}}",0.27369264676417543,0.6666666666666666
235.mp3,"{3: {'gain_db': 4.0}, 2: {'drive_db': 6.63}, 5: {'wet_level': 0.47}, 4: {'depth': 0.47}}","{1: {'delay_seconds': 2.46}, 4: {'depth': 0.57}}",0.1574074074074074,0.25
236.mp3,"{5: {'wet_level': 0.39}, 0: {'rate_hz': 18.82}}","{5: {'wet_level': 0.56}, 3: {'gain_db': 3.75}, 0: {'rate_hz': 5.9}}",0.15514937737159945,0.6666666666666666
237.mp3,"{0: {'rate_hz': 13.83}, 2: {'drive_db': 12.57}, 3: {'gain_db': -1.54}}","{4: {'depth': 0.49}, 2: {'drive_db': 17.53}, 1: {'delay_seconds': 1.99}}",0.19043503313166232,0.3333333333333333
238.mp3,"{0: {'rate_hz': 10.4}, 5: {'wet_level': 0.55}, 2: {'drive_db': 1.84}, 3: {'gain_db': -6.28}, 4: {'depth': 0.44}}","{2: {'drive_db': 14.96}, 1: {'delay_seconds': 2.79}}",0.05550660792951541,0.2
239.mp3,"{4: {'depth': 0.48}, 5: {'wet_level': 0.48}, 0: {'rate_hz': 5.33}, 2: {'drive_db': 16.63}, 1: {'delay_seconds': 3.64}, 3: {'gain_db': -3.47}}","{5: {'wet_level': 0.56}, 3: {'gain_db': -2.39}, 0: {'rate_hz': 15.17}}",0.3272251490582614,0.5
240.mp3,"{4: {'depth': 0.25}, 1: {'delay_seconds': 3.79}, 2: {'drive_db': 11.73}}","{5: {'wet_level': 0.2}, 3: {'gain_db': 4.41}, 1: {'delay_seconds': 3.41}, 0: {'rate_hz': 5.74}}",0.21594982078853048,0.25
241.mp3,"{4: {'depth': 0.21}, 3: {'gain_db': -5.32}, 5: {'wet_level': 0.3}, 0: {'rate_hz': 19.8}}",{5: {'wet_level': 0.44}},0.1333333333333333,0.25
242.mp3,"{3: {'gain_db': 8.9}, 1: {'delay_seconds': 2.98}}","{2: {'drive_db': 6.38}, 4: {'depth': 0.31}}",0.0,0.0
243.mp3,"{1: {'delay_seconds': 1.07}, 0: {'rate_hz': 17.1}, 3: {'gain_db': -4.68}, 2: {'drive_db': 16.03}, 5: {'wet_level': 0.36}}","{2: {'drive_db': 11.54}, 0: {'rate_hz': 8.55}}",0.23404164755375378,0.4
244.mp3,"{3: {'gain_db': -6.12}, 2: {'drive_db': 4.04}, 0: {'rate_hz': 9.99}}","{3: {'gain_db': 2.01}, 5: {'wet_level': 0.37}, 0: {'rate_hz': 13.23}, 2: {'drive_db': 1.98}, 4: {'depth': 0.37}, 1: {'delay_seconds': 1.14}}",0.34048476047627146,0.5
245.mp3,"{4: {'depth': 0.37}, 5: {'wet_level': 0.26}, 0: {'rate_hz': 13.38}, 1: {'delay_seconds': 4.08}, 3: {'gain_db': -4.84}}","{1: {'delay_seconds': 1.48}, 2: {'drive_db': 5.58}, 4: {'depth': 0.49}, 3: {'gain_db': -1.27}, 5: {'wet_level': 0.41}}",0.3904725034170578,0.8
246.mp3,"{1: {'delay_seconds': 2.35}, 2: {'drive_db': 11.72}}","{1: {'delay_seconds': 3.07}, 5: {'wet_level': 0.29}, 0: {'rate_hz': 6.12}, 3: {'gain_db': 2.61}, 2: {'drive_db': 10.23}}",0.317861869895804,0.4
247.mp3,"{4: {'depth': 0.22}, 5: {'wet_level': 0.42}, 2: {'drive_db': 17.16}}","{3: {'gain_db': -0.43}, 0: {'rate_hz': 9.66}}",0.0,0.0
248.mp3,"{3: {'gain_db': -2.23}, 4: {'depth': 0.46}}",{2: {'drive_db': 8.44}},0.0,0.0
249.mp3,"{4: {'depth': 0.22}, 2: {'drive_db': 11.32}, 1: {'delay_seconds': 2.85}, 0: {'rate_hz': 7.28}}","{3: {'gain_db': -6.33}, 2: {'drive_db': 12.45}, 5: {'wet_level': 0.38}}",0.2226259689922481,0.25
