audio_name,applied_effects,GA_effects,similarity_indv,best_fit
0.mp3,"{2: {'drive_db': 6.59}, 4: {'depth': 0.32}, 5: {'wet_level': 0.57}, 1: {'delay_seconds': 3.48}}","{2: {'drive_db': 8.62}, 3: {'gain_db': -4.1}, 4: {'depth': 0.27}, 1: {'delay_seconds': 2.43}}",0.5814963770677637,43.88102516386968
1.mp3,"{2: {'drive_db': 12.68}, 5: {'wet_level': 0.38}, 4: {'depth': 0.29}, 0: {'rate_hz': 9.49}}","{4: {'depth': 0.44}, 5: {'wet_level': 0.29}, 0: {'rate_hz': 3.83}, 1: {'delay_seconds': 2.41}, 3: {'gain_db': -0.93}}",0.5907259984639467,19.536520071444
2.mp3,"{0: {'rate_hz': 15.02}, 4: {'depth': 0.36}}","{0: {'rate_hz': 8.85}, 4: {'depth': 0.56}}",0.8145800437245623,40.938369175554726
3.mp3,"{1: {'delay_seconds': 2.26}, 2: {'drive_db': 14.18}, 5: {'wet_level': 0.38}, 0: {'rate_hz': 4.11}}","{5: {'wet_level': 0.27}, 2: {'drive_db': 12.7}, 0: {'rate_hz': 2.43}, 1: {'delay_seconds': 3.04}}",0.8916186431229128,14.285341229079656
4.mp3,"{1: {'delay_seconds': 3.99}, 4: {'depth': 0.26}, 3: {'gain_db': 2.76}, 0: {'rate_hz': 2.55}, 5: {'wet_level': 0.54}}","{4: {'depth': 0.56}, 3: {'gain_db': 4.54}, 2: {'drive_db': 14.59}, 5: {'wet_level': 0.23}}",0.4661311109076116,54.43156822752829
5.mp3,"{2: {'drive_db': 4.27}, 0: {'rate_hz': 6.09}, 3: {'gain_db': -3.47}}","{4: {'depth': 0.36}, 2: {'drive_db': 1.7}}",0.6902057806650786,2.0811714913531927
6.mp3,"{0: {'rate_hz': 8.77}, 3: {'gain_db': 0.93}, 1: {'delay_seconds': 1.33}, 4: {'depth': 0.41}, 5: {'wet_level': 0.26}, 2: {'drive_db': 18.85}}","{4: {'depth': 0.46}, 2: {'drive_db': 17.74}, 3: {'gain_db': -2.06}, 0: {'rate_hz': 14.1}}",0.7543949741888336,8.156488164800932
7.mp3,"{5: {'wet_level': 0.54}, 3: {'gain_db': 1.59}, 0: {'rate_hz': 2.18}, 2: {'drive_db': 6.77}}","{4: {'depth': 0.48}, 5: {'wet_level': 0.25}, 1: {'delay_seconds': 1.87}, 3: {'gain_db': -7.3}}",0.5278540813281146,13.963005308896795
8.mp3,"{0: {'rate_hz': 2.45}, 4: {'depth': 0.24}, 5: {'wet_level': 0.3}, 3: {'gain_db': 2.38}}",{4: {'depth': 0.38}},0.6577983794981764,29.57087682573048
9.mp3,{3: {'gain_db': 8.18}},{2: {'drive_db': 7.96}},0.5948899326520425,0.0547769168201923
10.mp3,"{2: {'drive_db': 6.59}, 0: {'rate_hz': 18.59}}","{4: {'depth': 0.41}, 1: {'delay_seconds': 2.66}, 0: {'rate_hz': 14.17}, 2: {'drive_db': 18.09}, 5: {'wet_level': 0.33}, 3: {'gain_db': 4.75}}",0.42614742101528597,27.514434380290584
11.mp3,"{5: {'wet_level': 0.3}, 0: {'rate_hz': 4.78}, 4: {'depth': 0.22}, 2: {'drive_db': 18.85}, 3: {'gain_db': -5.75}, 1: {'delay_seconds': 1.46}}","{2: {'drive_db': 19.76}, 0: {'rate_hz': 4.16}, 5: {'wet_level': 0.34}, 3: {'gain_db': 6.2}, 1: {'delay_seconds': 4.8}, 4: {'depth': 0.4}}",0.6125498000937316,24.24966803304193
12.mp3,"{5: {'wet_level': 0.4}, 3: {'gain_db': -3.81}}","{3: {'gain_db': -9.91}, 5: {'wet_level': 0.59}}",0.8205086920499223,14.419017712991112
13.mp3,"{4: {'depth': 0.37}, 2: {'drive_db': 17.28}, 1: {'delay_seconds': 1.2}, 0: {'rate_hz': 9.86}, 3: {'gain_db': -3.47}}","{0: {'rate_hz': 9.29}, 3: {'gain_db': -0.95}}",0.5525885510744839,16.386518265214264
14.mp3,"{1: {'delay_seconds': 4.19}, 5: {'wet_level': 0.59}, 0: {'rate_hz': 15.15}, 2: {'drive_db': 15.43}, 3: {'gain_db': -1.14}}","{4: {'depth': 0.26}, 2: {'drive_db': 17.97}, 1: {'delay_seconds': 3.89}, 0: {'rate_hz': 19.13}, 5: {'wet_level': 0.42}}",0.704580931681914,8.237535957367967
15.mp3,"{4: {'depth': 0.23}, 1: {'delay_seconds': 2.75}, 3: {'gain_db': -2.59}, 2: {'drive_db': 2.67}, 5: {'wet_level': 0.6}}",{4: {'depth': 0.53}},0.46652202482201754,28.861192699163496
16.mp3,"{3: {'gain_db': 0.22}, 1: {'delay_seconds': 2.95}, 2: {'drive_db': 17.73}, 5: {'wet_level': 0.42}, 4: {'depth': 0.22}, 0: {'rate_hz': 12.71}}","{0: {'rate_hz': 8.35}, 2: {'drive_db': 7.64}, 5: {'wet_level': 0.3}}",0.5746159197375379,27.329057809007946
17.mp3,"{3: {'gain_db': 3.24}, 4: {'depth': 0.52}, 5: {'wet_level': 0.35}, 2: {'drive_db': 19.54}, 1: {'delay_seconds': 1.2}}","{3: {'gain_db': -1.21}, 4: {'depth': 0.53}, 2: {'drive_db': 10.51}, 1: {'delay_seconds': 1.76}}",0.6820749418611477,27.68875616841932
18.mp3,"{3: {'gain_db': -1.54}, 1: {'delay_seconds': 1.88}, 5: {'wet_level': 0.44}}",{},0.621828350750223,43.62909663443716
19.mp3,"{5: {'wet_level': 0.52}, 4: {'depth': 0.48}, 3: {'gain_db': 2.58}, 1: {'delay_seconds': 3.55}, 0: {'rate_hz': 19.65}, 2: {'drive_db': 8.38}}","{5: {'wet_level': 0.5}, 0: {'rate_hz': 13.31}, 2: {'drive_db': 13.48}, 3: {'gain_db': 7.52}}",0.5218553023907387,50.688926818384864
20.mp3,"{3: {'gain_db': -2.52}, 5: {'wet_level': 0.39}, 2: {'drive_db': 18.83}, 1: {'delay_seconds': 3.12}, 4: {'depth': 0.34}}","{4: {'depth': 0.35}, 5: {'wet_level': 0.47}}",0.5111697967672286,17.6253859687326
21.mp3,"{0: {'rate_hz': 8.56}, 1: {'delay_seconds': 1.93}, 5: {'wet_level': 0.34}, 4: {'depth': 0.2}}","{2: {'drive_db': 12.08}, 0: {'rate_hz': 4.02}, 3: {'gain_db': -3.03}, 4: {'depth': 0.22}, 1: {'delay_seconds': 1.94}}",0.6214009437804019,0.5038686084080071
22.mp3,"{2: {'drive_db': 13.19}, 4: {'depth': 0.2}, 3: {'gain_db': -1.66}, 0: {'rate_hz': 9.73}, 5: {'wet_level': 0.2}, 1: {'delay_seconds': 4.35}}","{0: {'rate_hz': 13.6}, 4: {'depth': 0.37}, 5: {'wet_level': 0.21}, 3: {'gain_db': 2.07}, 1: {'delay_seconds': 1.66}, 2: {'drive_db': 16.97}}",0.7177633807259249,61.971662886079045
23.mp3,"{3: {'gain_db': -5.9}, 2: {'drive_db': 4.7}, 5: {'wet_level': 0.2}, 1: {'delay_seconds': 2.64}, 0: {'rate_hz': 18.15}}","{3: {'gain_db': -4.53}, 0: {'rate_hz': 11.97}, 2: {'drive_db': 18.76}, 1: {'delay_seconds': 4.49}, 4: {'depth': 0.49}}",0.49844611363690344,9.119480556126971
24.mp3,{4: {'depth': 0.42}},{},0.7142261966752959,26.239306189662784
25.mp3,"{4: {'depth': 0.49}, 5: {'wet_level': 0.54}, 1: {'delay_seconds': 4.04}, 3: {'gain_db': -5.07}, 0: {'rate_hz': 5.52}, 2: {'drive_db': 2.07}}","{2: {'drive_db': 1.87}, 3: {'gain_db': -4.78}, 4: {'depth': 0.45}, 0: {'rate_hz': 1.73}, 5: {'wet_level': 0.53}, 1: {'delay_seconds': 3.58}}",0.9092561092761406,26.90012137402698
26.mp3,"{4: {'depth': 0.23}, 3: {'gain_db': -7.1}, 5: {'wet_level': 0.44}, 0: {'rate_hz': 14.75}, 2: {'drive_db': 16.59}, 1: {'delay_seconds': 1.92}}","{2: {'drive_db': 12.43}, 0: {'rate_hz': 12.17}}",0.6098914206227916,38.81971044779021
27.mp3,"{2: {'drive_db': 10.69}, 5: {'wet_level': 0.27}, 0: {'rate_hz': 15.17}, 1: {'delay_seconds': 4.56}, 3: {'gain_db': 9.46}, 4: {'depth': 0.3}}","{5: {'wet_level': 0.59}, 1: {'delay_seconds': 2.97}, 0: {'rate_hz': 9.91}}",0.43179277629189355,43.10373390451823
28.mp3,"{5: {'wet_level': 0.51}, 1: {'delay_seconds': 2.14}, 0: {'rate_hz': 2.76}}","{5: {'wet_level': 0.48}, 1: {'delay_seconds': 4.76}, 0: {'rate_hz': 11.08}, 3: {'gain_db': 4.03}, 2: {'drive_db': 12.94}, 4: {'depth': 0.54}}",0.3984958783737775,54.703718217262285
29.mp3,"{0: {'rate_hz': 9.42}, 2: {'drive_db': 16.52}, 1: {'delay_seconds': 2.9}, 4: {'depth': 0.56}, 5: {'wet_level': 0.36}}","{3: {'gain_db': 2.81}, 0: {'rate_hz': 5.14}, 5: {'wet_level': 0.29}, 1: {'delay_seconds': 2.74}, 2: {'drive_db': 9.21}}",0.5041215333333138,10.975052339237813
30.mp3,{4: {'depth': 0.2}},"{0: {'rate_hz': 3.39}, 4: {'depth': 0.27}}",0.9159946816057547,0.4603556252864644
31.mp3,"{3: {'gain_db': -3.51}, 0: {'rate_hz': 11.19}, 2: {'drive_db': 14.63}, 5: {'wet_level': 0.4}, 4: {'depth': 0.42}}","{2: {'drive_db': 7.77}, 3: {'gain_db': 4.27}, 4: {'depth': 0.36}}",0.5843770349534639,28.25393806201632
32.mp3,"{5: {'wet_level': 0.21}, 2: {'drive_db': 19.19}, 1: {'delay_seconds': 1.34}, 4: {'depth': 0.27}}","{4: {'depth': 0.59}, 1: {'delay_seconds': 2.13}}",0.5252108021369826,41.69456030637016
33.mp3,"{4: {'depth': 0.34}, 3: {'gain_db': -4.02}, 5: {'wet_level': 0.45}, 2: {'drive_db': 5.08}, 0: {'rate_hz': 6.06}, 1: {'delay_seconds': 1.06}}","{4: {'depth': 0.29}, 0: {'rate_hz': 14.43}, 3: {'gain_db': -4.59}, 2: {'drive_db': 8.75}, 5: {'wet_level': 0.52}, 1: {'delay_seconds': 1.18}}",0.8038885072399055,45.5240610414384
34.mp3,"{0: {'rate_hz': 15.72}, 4: {'depth': 0.47}, 1: {'delay_seconds': 3.52}, 2: {'drive_db': 12.49}, 3: {'gain_db': 0.82}}","{0: {'rate_hz': 17.73}, 4: {'depth': 0.2}}",0.5185269997185719,30.53661946004366
35.mp3,"{5: {'wet_level': 0.3}, 4: {'depth': 0.56}}","{3: {'gain_db': 6.41}, 2: {'drive_db': 7.36}, 4: {'depth': 0.51}}",0.5785760854664975,26.329738687085307
36.mp3,{4: {'depth': 0.45}},"{4: {'depth': 0.32}, 3: {'gain_db': -2.63}, 2: {'drive_db': 6.48}, 0: {'rate_hz': 5.83}}",0.7507728798717777,9.914254633294034
37.mp3,{4: {'depth': 0.6}},"{2: {'drive_db': 17.0}, 4: {'depth': 0.51}}",0.6476270914689004,0.1651493501606744
38.mp3,"{4: {'depth': 0.3}, 1: {'delay_seconds': 2.41}, 5: {'wet_level': 0.52}}","{2: {'drive_db': 13.4}, 1: {'delay_seconds': 3.07}}",0.5054572632031499,24.943462996180763
39.mp3,"{4: {'depth': 0.56}, 1: {'delay_seconds': 3.09}, 3: {'gain_db': 5.86}, 2: {'drive_db': 13.8}, 5: {'wet_level': 0.41}}","{1: {'delay_seconds': 2.68}, 4: {'depth': 0.54}, 3: {'gain_db': -3.58}}",0.5577211370723302,35.39470122819508
40.mp3,"{1: {'delay_seconds': 1.32}, 5: {'wet_level': 0.32}, 3: {'gain_db': 6.02}, 0: {'rate_hz': 14.36}, 4: {'depth': 0.38}}","{1: {'delay_seconds': 2.18}, 5: {'wet_level': 0.6}, 0: {'rate_hz': 9.01}, 2: {'drive_db': 8.7}, 3: {'gain_db': 5.71}, 4: {'depth': 0.57}}",0.6814980231470152,0.5677215983048463
41.mp3,"{3: {'gain_db': -0.16}, 4: {'depth': 0.43}, 1: {'delay_seconds': 1.55}, 5: {'wet_level': 0.41}}",{4: {'depth': 0.55}},0.6246982448650054,32.573775213023765
42.mp3,"{2: {'drive_db': 17.01}, 5: {'wet_level': 0.27}, 1: {'delay_seconds': 2.41}, 0: {'rate_hz': 17.98}, 3: {'gain_db': -7.26}}",{0: {'rate_hz': 18.14}},0.5570915726699253,53.3343027891292
43.mp3,"{3: {'gain_db': 8.76}, 2: {'drive_db': 1.74}, 5: {'wet_level': 0.53}, 0: {'rate_hz': 8.18}}","{3: {'gain_db': -9.28}, 4: {'depth': 0.24}, 2: {'drive_db': 19.58}, 5: {'wet_level': 0.41}, 1: {'delay_seconds': 2.64}, 0: {'rate_hz': 11.73}}",0.4056434501636805,5.963691904482329
44.mp3,"{5: {'wet_level': 0.34}, 2: {'drive_db': 4.18}, 3: {'gain_db': 9.74}, 4: {'depth': 0.42}}","{5: {'wet_level': 0.34}, 4: {'depth': 0.59}}",0.5721901166449093,0.570566479702834
45.mp3,"{2: {'drive_db': 13.45}, 5: {'wet_level': 0.23}, 3: {'gain_db': 5.67}, 0: {'rate_hz': 14.64}, 4: {'depth': 0.47}, 1: {'delay_seconds': 4.91}}","{3: {'gain_db': 1.49}, 4: {'depth': 0.59}, 0: {'rate_hz': 19.49}, 2: {'drive_db': 4.83}}",0.5101842702872088,32.26838777337726
46.mp3,"{4: {'depth': 0.45}, 1: {'delay_seconds': 1.1}, 5: {'wet_level': 0.43}, 2: {'drive_db': 14.28}, 3: {'gain_db': -1.52}}","{2: {'drive_db': 19.32}, 1: {'delay_seconds': 1.57}, 3: {'gain_db': -1.76}, 5: {'wet_level': 0.54}}",0.6661849036988912,28.287090062130137
47.mp3,"{4: {'depth': 0.59}, 1: {'delay_seconds': 2.22}, 0: {'rate_hz': 15.89}}","{1: {'delay_seconds': 3.25}, 3: {'gain_db': -1.07}, 4: {'depth': 0.49}, 2: {'drive_db': 1.9}, 0: {'rate_hz': 15.54}, 5: {'wet_level': 0.32}}",0.6935820604081678,40.70486615361108
48.mp3,"{4: {'depth': 0.42}, 2: {'drive_db': 15.25}, 0: {'rate_hz': 5.63}}","{3: {'gain_db': 0.47}, 5: {'wet_level': 0.25}, 4: {'depth': 0.49}, 2: {'drive_db': 9.2}}",0.675443129733729,39.51929152057781
49.mp3,"{0: {'rate_hz': 15.03}, 2: {'drive_db': 12.29}, 3: {'gain_db': 4.03}, 1: {'delay_seconds': 1.67}}","{3: {'gain_db': 8.71}, 0: {'rate_hz': 19.91}, 5: {'wet_level': 0.45}, 1: {'delay_seconds': 4.14}, 2: {'drive_db': 19.2}, 4: {'depth': 0.43}}",0.4911107911815658,10.774850017235574
50.mp3,{4: {'depth': 0.27}},{4: {'depth': 0.21}},0.9591751709536137,1.844076295605643
51.mp3,"{2: {'drive_db': 19.01}, 0: {'rate_hz': 17.17}, 4: {'depth': 0.59}}","{3: {'gain_db': -3.52}, 1: {'delay_seconds': 3.49}, 5: {'wet_level': 0.49}, 2: {'drive_db': 12.19}, 4: {'depth': 0.35}, 0: {'rate_hz': 18.29}}",0.49361716648954806,20.74508842864535
52.mp3,{2: {'drive_db': 8.28}},{},0.8309852077479606,2.322283306111077
53.mp3,"{0: {'rate_hz': 4.87}, 3: {'gain_db': 0.8}}",{2: {'drive_db': 14.31}},0.6207831535036099,1.470406691945842
54.mp3,"{3: {'gain_db': -9.37}, 5: {'wet_level': 0.42}, 1: {'delay_seconds': 4.06}, 2: {'drive_db': 13.02}, 0: {'rate_hz': 19.81}, 4: {'depth': 0.49}}","{3: {'gain_db': 8.3}, 2: {'drive_db': 19.55}, 0: {'rate_hz': 11.18}, 5: {'wet_level': 0.26}, 4: {'depth': 0.22}, 1: {'delay_seconds': 1.65}}",0.4869532410668089,20.946087109316927
55.mp3,"{4: {'depth': 0.36}, 1: {'delay_seconds': 2.32}, 5: {'wet_level': 0.29}, 3: {'gain_db': 5.4}}","{2: {'drive_db': 10.38}, 5: {'wet_level': 0.58}, 1: {'delay_seconds': 2.1}, 4: {'depth': 0.42}}",0.5703086163475171,56.00521955077559
56.mp3,"{0: {'rate_hz': 6.85}, 3: {'gain_db': 9.2}, 5: {'wet_level': 0.26}}","{4: {'depth': 0.35}, 1: {'delay_seconds': 3.83}, 5: {'wet_level': 0.31}}",0.42657687637861713,36.23386613027131
57.mp3,"{0: {'rate_hz': 10.03}, 1: {'delay_seconds': 4.7}, 3: {'gain_db': -2.96}, 5: {'wet_level': 0.34}, 2: {'drive_db': 4.76}}",{2: {'drive_db': 19.21}},0.40809296744743334,74.12027596665507
58.mp3,"{0: {'rate_hz': 3.62}, 4: {'depth': 0.29}, 3: {'gain_db': -8.61}}","{4: {'depth': 0.32}, 1: {'delay_seconds': 1.86}, 3: {'gain_db': 6.05}, 5: {'wet_level': 0.43}}",0.5482358448793754,27.7149886701864
59.mp3,"{0: {'rate_hz': 4.8}, 2: {'drive_db': 19.9}, 4: {'depth': 0.55}, 3: {'gain_db': 6.15}, 1: {'delay_seconds': 2.33}}","{1: {'delay_seconds': 2.29}, 2: {'drive_db': 14.02}, 5: {'wet_level': 0.33}, 3: {'gain_db': -3.73}, 4: {'depth': 0.6}}",0.6590257965660637,9.794409991462112
60.mp3,{1: {'delay_seconds': 4.76}},{1: {'delay_seconds': 3.46}},0.8938554444793957,17.164364420010813
61.mp3,"{1: {'delay_seconds': 2.43}, 5: {'wet_level': 0.45}, 4: {'depth': 0.54}, 2: {'drive_db': 3.81}}","{4: {'depth': 0.3}, 1: {'delay_seconds': 2.89}, 0: {'rate_hz': 8.47}}",0.6028001132930675,2.152992601470084
62.mp3,{4: {'depth': 0.38}},"{5: {'wet_level': 0.24}, 3: {'gain_db': 0.49}, 0: {'rate_hz': 16.04}, 4: {'depth': 0.42}, 2: {'drive_db': 9.36}}",0.5342080767759699,10.427514081306349
63.mp3,"{2: {'drive_db': 16.31}, 5: {'wet_level': 0.27}, 0: {'rate_hz': 15.64}, 1: {'delay_seconds': 1.13}}","{0: {'rate_hz': 14.16}, 1: {'delay_seconds': 1.62}}",0.6164594219642464,1.191820007791625
64.mp3,"{1: {'delay_seconds': 1.94}, 2: {'drive_db': 9.36}}","{4: {'depth': 0.31}, 1: {'delay_seconds': 3.34}, 5: {'wet_level': 0.22}, 3: {'gain_db': -5.66}}",0.6474138665779927,13.444470754420864
65.mp3,"{5: {'wet_level': 0.57}, 0: {'rate_hz': 2.4}, 1: {'delay_seconds': 2.05}}","{0: {'rate_hz': 15.83}, 1: {'delay_seconds': 2.3}, 3: {'gain_db': -2.4}, 5: {'wet_level': 0.27}, 4: {'depth': 0.23}}",0.5928234014491901,13.191628336342422
66.mp3,"{4: {'depth': 0.24}, 5: {'wet_level': 0.33}, 2: {'drive_db': 15.73}, 0: {'rate_hz': 12.96}}","{4: {'depth': 0.25}, 1: {'delay_seconds': 2.28}}",0.49186615480797813,2.867511598927827
67.mp3,"{5: {'wet_level': 0.37}, 1: {'delay_seconds': 3.23}, 3: {'gain_db': -9.36}, 0: {'rate_hz': 12.81}, 4: {'depth': 0.54}, 2: {'drive_db': 7.87}}","{4: {'depth': 0.51}, 0: {'rate_hz': 10.34}, 1: {'delay_seconds': 3.53}}",0.6951786649588052,12.56901030122595
68.mp3,"{0: {'rate_hz': 15.96}, 3: {'gain_db': -5.04}, 5: {'wet_level': 0.48}, 4: {'depth': 0.25}}","{3: {'gain_db': 0.2}, 2: {'drive_db': 10.52}, 5: {'wet_level': 0.34}, 0: {'rate_hz': 2.29}, 4: {'depth': 0.5}}",0.583557165676657,1.0379962456404896
69.mp3,"{5: {'wet_level': 0.43}, 3: {'gain_db': 7.14}}","{5: {'wet_level': 0.59}, 3: {'gain_db': -10.0}, 4: {'depth': 0.56}, 2: {'drive_db': 12.97}}",0.4087832500931909,10.510443128365946
70.mp3,"{5: {'wet_level': 0.35}, 2: {'drive_db': 16.49}}",{5: {'wet_level': 0.35}},0.6633992845125449,6.132623981503219
71.mp3,"{5: {'wet_level': 0.34}, 2: {'drive_db': 18.33}, 1: {'delay_seconds': 2.13}}","{5: {'wet_level': 0.28}, 3: {'gain_db': -0.32}, 1: {'delay_seconds': 1.3}, 4: {'depth': 0.32}}",0.5176051592238912,5.612959936489284
72.mp3,"{1: {'delay_seconds': 2.45}, 0: {'rate_hz': 14.87}, 5: {'wet_level': 0.44}, 4: {'depth': 0.31}, 3: {'gain_db': -4.31}, 2: {'drive_db': 12.33}}","{5: {'wet_level': 0.53}, 3: {'gain_db': 4.94}, 1: {'delay_seconds': 4.4}, 4: {'depth': 0.2}, 2: {'drive_db': 16.79}, 0: {'rate_hz': 16.19}}",0.7182783995054955,35.937445588121626
73.mp3,"{0: {'rate_hz': 10.03}, 4: {'depth': 0.32}, 3: {'gain_db': -4.97}, 2: {'drive_db': 19.54}}","{5: {'wet_level': 0.4}, 3: {'gain_db': -2.91}, 4: {'depth': 0.39}, 2: {'drive_db': 11.67}}",0.6181167160078977,2.942919197071536
74.mp3,"{4: {'depth': 0.56}, 1: {'delay_seconds': 1.6}, 5: {'wet_level': 0.58}, 3: {'gain_db': -7.95}, 2: {'drive_db': 9.58}}","{0: {'rate_hz': 9.59}, 1: {'delay_seconds': 1.3}, 5: {'wet_level': 0.27}, 4: {'depth': 0.31}, 3: {'gain_db': 6.35}, 2: {'drive_db': 13.16}}",0.5495665410674669,3.855461672418877
75.mp3,"{3: {'gain_db': -0.93}, 2: {'drive_db': 2.17}, 5: {'wet_level': 0.4}, 0: {'rate_hz': 10.53}, 4: {'depth': 0.49}}","{4: {'depth': 0.49}, 2: {'drive_db': 10.19}}",0.5741459670175619,26.09796003301296
76.mp3,{5: {'wet_level': 0.25}},{},0.8298965456400571,6.550754768239837
77.mp3,"{5: {'wet_level': 0.54}, 1: {'delay_seconds': 4.15}, 4: {'depth': 0.3}, 2: {'drive_db': 13.44}, 0: {'rate_hz': 4.69}}","{3: {'gain_db': -8.8}, 1: {'delay_seconds': 2.15}, 4: {'depth': 0.33}}",0.5028960118848369,40.0821826580469
78.mp3,"{0: {'rate_hz': 15.26}, 2: {'drive_db': 8.16}, 4: {'depth': 0.43}}","{4: {'depth': 0.45}, 3: {'gain_db': 5.77}}",0.5219002263977542,14.330083849643891
79.mp3,"{3: {'gain_db': 3.57}, 5: {'wet_level': 0.46}, 0: {'rate_hz': 17.99}, 2: {'drive_db': 8.53}}","{3: {'gain_db': -4.34}, 5: {'wet_level': 0.39}, 2: {'drive_db': 4.24}, 4: {'depth': 0.25}, 1: {'delay_seconds': 1.03}, 0: {'rate_hz': 9.1}}",0.6760481074237971,16.77741523956093
80.mp3,"{0: {'rate_hz': 5.89}, 5: {'wet_level': 0.35}, 1: {'delay_seconds': 4.19}, 2: {'drive_db': 4.85}, 3: {'gain_db': -9.71}, 4: {'depth': 0.39}}","{2: {'drive_db': 15.15}, 1: {'delay_seconds': 4.88}, 3: {'gain_db': 8.44}, 4: {'depth': 0.2}, 5: {'wet_level': 0.27}, 0: {'rate_hz': 12.69}}",0.5271573895477912,35.36444268028967
81.mp3,"{0: {'rate_hz': 5.65}, 4: {'depth': 0.56}, 3: {'gain_db': -1.27}, 5: {'wet_level': 0.53}, 2: {'drive_db': 14.06}}","{4: {'depth': 0.55}, 3: {'gain_db': -2.03}, 1: {'delay_seconds': 3.89}, 2: {'drive_db': 11.5}, 5: {'wet_level': 0.55}}",0.657385751685444,31.77175769623388
82.mp3,"{2: {'drive_db': 8.46}, 4: {'depth': 0.26}, 3: {'gain_db': -5.38}, 0: {'rate_hz': 15.74}, 5: {'wet_level': 0.44}}","{4: {'depth': 0.3}, 3: {'gain_db': -0.61}, 0: {'rate_hz': 15.02}}",0.6395998815616588,22.933617089429497
83.mp3,"{4: {'depth': 0.42}, 1: {'delay_seconds': 3.33}}","{5: {'wet_level': 0.51}, 0: {'rate_hz': 6.98}, 1: {'delay_seconds': 1.01}, 2: {'drive_db': 6.8}, 4: {'depth': 0.42}}",0.55743230273023,25.266095549637487
84.mp3,"{0: {'rate_hz': 2.21}, 1: {'delay_seconds': 4.3}, 5: {'wet_level': 0.38}, 3: {'gain_db': -9.53}, 4: {'depth': 0.23}, 2: {'drive_db': 7.82}}",{1: {'delay_seconds': 2.21}},0.6152006896325576,16.06142434340284
85.mp3,"{3: {'gain_db': -7.43}, 5: {'wet_level': 0.34}, 0: {'rate_hz': 1.44}, 2: {'drive_db': 8.55}, 1: {'delay_seconds': 1.12}}","{5: {'wet_level': 0.57}, 3: {'gain_db': 9.45}, 2: {'drive_db': 13.92}, 4: {'depth': 0.52}, 0: {'rate_hz': 5.25}, 1: {'delay_seconds': 4.14}}",0.4107080441247655,22.59199446084768
86.mp3,"{3: {'gain_db': -1.32}, 1: {'delay_seconds': 3.44}, 5: {'wet_level': 0.33}}",{1: {'delay_seconds': 1.43}},0.6702374591720076,9.51930629239447
87.mp3,"{4: {'depth': 0.24}, 5: {'wet_level': 0.32}, 1: {'delay_seconds': 4.67}, 3: {'gain_db': 1.24}}",{1: {'delay_seconds': 4.55}},0.643895042521533,22.58156101869655
88.mp3,"{4: {'depth': 0.3}, 0: {'rate_hz': 11.73}, 5: {'wet_level': 0.25}, 1: {'delay_seconds': 3.87}, 2: {'drive_db': 12.76}, 3: {'gain_db': 6.84}}","{0: {'rate_hz': 11.26}, 2: {'drive_db': 1.33}, 4: {'depth': 0.39}, 1: {'delay_seconds': 1.14}}",0.49496607191346187,55.34245683333346
89.mp3,"{4: {'depth': 0.35}, 5: {'wet_level': 0.23}}","{3: {'gain_db': -4.09}, 4: {'depth': 0.5}}",0.7776021978359331,1.6716465635246722
90.mp3,"{2: {'drive_db': 19.21}, 4: {'depth': 0.39}}","{2: {'drive_db': 12.07}, 4: {'depth': 0.4}}",0.854096619997012,0.614846903290033
91.mp3,"{3: {'gain_db': -2.2}, 2: {'drive_db': 3.59}, 0: {'rate_hz': 1.5}, 4: {'depth': 0.36}, 1: {'delay_seconds': 3.77}}","{4: {'depth': 0.46}, 2: {'drive_db': 17.58}, 5: {'wet_level': 0.41}, 1: {'delay_seconds': 3.01}}",0.559384621197765,57.0618549162124
92.mp3,"{1: {'delay_seconds': 3.88}, 5: {'wet_level': 0.24}, 2: {'drive_db': 14.0}, 3: {'gain_db': -4.57}}",{1: {'delay_seconds': 3.18}},0.6480264569601857,19.789257443930435
93.mp3,{5: {'wet_level': 0.51}},"{3: {'gain_db': 3.64}, 4: {'depth': 0.44}}",0.46374729561244815,13.423711621346536
94.mp3,"{1: {'delay_seconds': 3.46}, 5: {'wet_level': 0.47}, 3: {'gain_db': 9.41}, 2: {'drive_db': 8.08}, 0: {'rate_hz': 17.24}, 4: {'depth': 0.43}}","{5: {'wet_level': 0.23}, 4: {'depth': 0.36}, 0: {'rate_hz': 16.27}, 1: {'delay_seconds': 2.46}}",0.5307719795396003,27.546133753442152
95.mp3,"{5: {'wet_level': 0.32}, 0: {'rate_hz': 7.55}, 2: {'drive_db': 3.87}, 1: {'delay_seconds': 1.04}, 3: {'gain_db': -8.8}, 4: {'depth': 0.34}}","{0: {'rate_hz': 10.7}, 4: {'depth': 0.4}}",0.7406556521904887,47.474951876847264
96.mp3,"{0: {'rate_hz': 13.41}, 3: {'gain_db': -4.64}, 1: {'delay_seconds': 4.76}, 5: {'wet_level': 0.54}, 4: {'depth': 0.44}, 2: {'drive_db': 3.01}}","{4: {'depth': 0.49}, 1: {'delay_seconds': 3.22}}",0.5074127920789989,30.060904328333763
97.mp3,"{2: {'drive_db': 18.62}, 1: {'delay_seconds': 2.35}, 3: {'gain_db': 6.32}, 5: {'wet_level': 0.53}}",{4: {'depth': 0.35}},0.3078930049532856,34.603461443732726
98.mp3,"{4: {'depth': 0.44}, 2: {'drive_db': 8.71}, 1: {'delay_seconds': 3.75}, 0: {'rate_hz': 5.72}, 3: {'gain_db': -8.71}, 5: {'wet_level': 0.21}}","{0: {'rate_hz': 11.01}, 3: {'gain_db': -7.68}}",0.5024978177974528,35.13313166438277
99.mp3,"{0: {'rate_hz': 8.55}, 4: {'depth': 0.21}, 1: {'delay_seconds': 3.15}, 2: {'drive_db': 14.75}, 5: {'wet_level': 0.42}}","{0: {'rate_hz': 6.99}, 4: {'depth': 0.26}, 5: {'wet_level': 0.27}, 1: {'delay_seconds': 3.07}, 2: {'drive_db': 15.53}, 3: {'gain_db': -3.16}}",0.8200604525382462,22.95055896435719
100.mp3,"{3: {'gain_db': -5.71}, 5: {'wet_level': 0.49}, 0: {'rate_hz': 16.87}}",{4: {'depth': 0.37}},0.45155906999595324,40.63312169774037
101.mp3,"{5: {'wet_level': 0.55}, 3: {'gain_db': 8.13}}","{3: {'gain_db': 0.63}, 4: {'depth': 0.4}, 5: {'wet_level': 0.42}}",0.675445461981891,9.135052442240356
102.mp3,"{4: {'depth': 0.49}, 2: {'drive_db': 14.36}, 1: {'delay_seconds': 2.5}, 3: {'gain_db': 3.35}, 5: {'wet_level': 0.38}, 0: {'rate_hz': 15.23}}","{1: {'delay_seconds': 3.37}, 4: {'depth': 0.51}, 0: {'rate_hz': 14.56}, 5: {'wet_level': 0.22}, 3: {'gain_db': 9.5}, 2: {'drive_db': 11.51}}",0.8091759221070263,2.5973744058463324
103.mp3,"{4: {'depth': 0.37}, 5: {'wet_level': 0.6}, 1: {'delay_seconds': 3.88}, 0: {'rate_hz': 16.78}}","{0: {'rate_hz': 18.71}, 4: {'depth': 0.49}, 3: {'gain_db': 7.93}}",0.3603125111952451,13.521932888783867
104.mp3,"{4: {'depth': 0.24}, 3: {'gain_db': 8.96}, 0: {'rate_hz': 6.1}, 5: {'wet_level': 0.58}}","{4: {'depth': 0.24}, 5: {'wet_level': 0.36}, 3: {'gain_db': -7.93}, 0: {'rate_hz': 15.41}, 2: {'drive_db': 5.49}}",0.5641741183980992,17.6482478763867
105.mp3,{0: {'rate_hz': 2.47}},"{4: {'depth': 0.41}, 2: {'drive_db': 19.42}}",0.5126538371881775,16.809796983058927
106.mp3,"{0: {'rate_hz': 6.42}, 1: {'delay_seconds': 4.62}, 4: {'depth': 0.51}}","{4: {'depth': 0.35}, 0: {'rate_hz': 2.97}, 2: {'drive_db': 13.6}, 1: {'delay_seconds': 3.16}, 5: {'wet_level': 0.38}, 3: {'gain_db': -5.93}}",0.5735701069299858,58.17094552408356
107.mp3,"{4: {'depth': 0.4}, 1: {'delay_seconds': 1.04}, 2: {'drive_db': 15.85}, 0: {'rate_hz': 9.33}}","{5: {'wet_level': 0.2}, 0: {'rate_hz': 9.55}, 1: {'delay_seconds': 1.08}}",0.5558159530188048,14.884593151422202
108.mp3,"{1: {'delay_seconds': 4.65}, 2: {'drive_db': 16.74}, 4: {'depth': 0.35}, 0: {'rate_hz': 14.31}}","{1: {'delay_seconds': 2.78}, 3: {'gain_db': -0.76}, 5: {'wet_level': 0.57}, 2: {'drive_db': 7.28}, 0: {'rate_hz': 8.19}, 4: {'depth': 0.28}}",0.48573740315037633,13.923311030593062
109.mp3,"{1: {'delay_seconds': 2.09}, 3: {'gain_db': 2.14}, 4: {'depth': 0.35}, 2: {'drive_db': 15.74}, 0: {'rate_hz': 14.87}}","{4: {'depth': 0.48}, 2: {'drive_db': 8.34}, 1: {'delay_seconds': 2.46}}",0.5697749243236271,7.961184008333078
110.mp3,"{2: {'drive_db': 14.88}, 4: {'depth': 0.35}}","{4: {'depth': 0.59}, 1: {'delay_seconds': 1.14}, 2: {'drive_db': 3.52}, 3: {'gain_db': -2.08}, 5: {'wet_level': 0.42}}",0.5562613381730188,4.660039192058476
111.mp3,"{0: {'rate_hz': 19.35}, 5: {'wet_level': 0.21}}","{3: {'gain_db': 6.67}, 0: {'rate_hz': 16.73}}",0.627087309145961,0.456226526407532
112.mp3,"{4: {'depth': 0.58}, 2: {'drive_db': 13.77}}","{3: {'gain_db': -6.54}, 4: {'depth': 0.4}}",0.6853676086817083,8.552367705082782
113.mp3,"{2: {'drive_db': 13.77}, 4: {'depth': 0.37}, 0: {'rate_hz': 16.54}, 1: {'delay_seconds': 2.92}, 5: {'wet_level': 0.58}}","{3: {'gain_db': 6.28}, 0: {'rate_hz': 11.59}, 1: {'delay_seconds': 4.46}, 5: {'wet_level': 0.51}, 4: {'depth': 0.49}}",0.526298333844477,4.54104172913848
114.mp3,"{3: {'gain_db': 5.33}, 5: {'wet_level': 0.36}, 1: {'delay_seconds': 3.68}, 2: {'drive_db': 1.46}, 0: {'rate_hz': 12.05}}","{5: {'wet_level': 0.49}, 2: {'drive_db': 9.47}, 1: {'delay_seconds': 4.12}}",0.5592398243858602,0.99230892872318
115.mp3,"{4: {'depth': 0.49}, 5: {'wet_level': 0.52}}","{4: {'depth': 0.28}, 5: {'wet_level': 0.35}, 3: {'gain_db': 5.04}}",0.6421634968830555,29.69564310049607
116.mp3,"{3: {'gain_db': -6.71}, 4: {'depth': 0.59}, 5: {'wet_level': 0.28}}","{2: {'drive_db': 11.16}, 3: {'gain_db': 8.14}, 4: {'depth': 0.28}, 1: {'delay_seconds': 4.41}}",0.4048366509629166,4.2464249871147
117.mp3,{2: {'drive_db': 19.82}},{},0.5954259441503117,1.4001219162363585
118.mp3,"{3: {'gain_db': -7.43}, 2: {'drive_db': 2.34}, 4: {'depth': 0.22}, 1: {'delay_seconds': 2.77}}",{2: {'drive_db': 18.63}},0.5677032376471681,0.4444391054192704
119.mp3,"{4: {'depth': 0.6}, 1: {'delay_seconds': 1.34}, 2: {'drive_db': 9.83}, 3: {'gain_db': -6.25}, 5: {'wet_level': 0.49}}","{4: {'depth': 0.36}, 2: {'drive_db': 15.36}}",0.5896389913656424,17.802131316721038
120.mp3,"{2: {'drive_db': 19.32}, 3: {'gain_db': 8.5}, 4: {'depth': 0.21}}",{},0.4356004665723638,1.6860142545403642
121.mp3,"{1: {'delay_seconds': 2.37}, 4: {'depth': 0.27}, 0: {'rate_hz': 3.7}, 5: {'wet_level': 0.49}}","{1: {'delay_seconds': 3.35}, 0: {'rate_hz': 10.32}, 3: {'gain_db': -4.07}, 5: {'wet_level': 0.53}}",0.728328110138828,23.17484893444871
122.mp3,"{2: {'drive_db': 17.21}, 3: {'gain_db': -7.86}, 5: {'wet_level': 0.47}, 1: {'delay_seconds': 4.31}}","{2: {'drive_db': 19.42}, 5: {'wet_level': 0.43}, 1: {'delay_seconds': 2.5}}",0.8371362049418573,7.423904935850606
123.mp3,{4: {'depth': 0.31}},"{5: {'wet_level': 0.53}, 4: {'depth': 0.39}, 2: {'drive_db': 2.95}}",0.6303578745246613,14.017776692255628
124.mp3,{0: {'rate_hz': 9.95}},{0: {'rate_hz': 16.02}},0.8760966438442175,0.6575253769814898
125.mp3,"{5: {'wet_level': 0.51}, 2: {'drive_db': 4.42}}",{},0.6414517698644526,11.977619507621924
126.mp3,"{2: {'drive_db': 12.5}, 3: {'gain_db': 4.58}, 1: {'delay_seconds': 3.39}, 5: {'wet_level': 0.33}, 0: {'rate_hz': 19.83}, 4: {'depth': 0.44}}","{5: {'wet_level': 0.31}, 4: {'depth': 0.26}, 3: {'gain_db': -3.97}, 2: {'drive_db': 18.81}, 1: {'delay_seconds': 3.78}}",0.5234562172770986,21.083905181371843
127.mp3,{2: {'drive_db': 1.77}},{},0.9638700262939482,0.1315657889283091
128.mp3,"{1: {'delay_seconds': 1.17}, 0: {'rate_hz': 11.61}}","{1: {'delay_seconds': 2.77}, 0: {'rate_hz': 16.33}, 5: {'wet_level': 0.25}, 4: {'depth': 0.42}}",0.6299308372949927,11.057440127377824
129.mp3,"{3: {'gain_db': 9.13}, 4: {'depth': 0.34}}",{4: {'depth': 0.3}},0.6085631821003452,2.4182420366627
130.mp3,"{4: {'depth': 0.35}, 0: {'rate_hz': 1.56}, 2: {'drive_db': 6.13}, 5: {'wet_level': 0.24}}","{2: {'drive_db': 8.82}, 1: {'delay_seconds': 1.83}, 4: {'depth': 0.56}}",0.7290048432167098,41.48955312162151
131.mp3,"{0: {'rate_hz': 12.68}, 4: {'depth': 0.31}}","{0: {'rate_hz': 4.6}, 4: {'depth': 0.24}, 1: {'delay_seconds': 1.2}}",0.8023356754869884,32.92203095843516
132.mp3,"{2: {'drive_db': 16.94}, 4: {'depth': 0.35}}","{2: {'drive_db': 12.42}, 4: {'depth': 0.46}, 0: {'rate_hz': 11.47}}",0.7374517945496767,0.5487013546797218
133.mp3,{5: {'wet_level': 0.49}},"{4: {'depth': 0.33}, 5: {'wet_level': 0.47}}",0.7750514462108016,26.24828061618313
134.mp3,"{1: {'delay_seconds': 3.06}, 3: {'gain_db': 4.15}, 4: {'depth': 0.57}}",{4: {'depth': 0.54}},0.6175516919460444,17.521158201741915
135.mp3,"{5: {'wet_level': 0.22}, 3: {'gain_db': -6.31}, 0: {'rate_hz': 15.1}}","{1: {'delay_seconds': 3.25}, 3: {'gain_db': -8.71}, 4: {'depth': 0.35}, 0: {'rate_hz': 11.18}, 5: {'wet_level': 0.23}}",0.6312472473423518,13.014023674782669
136.mp3,"{4: {'depth': 0.48}, 0: {'rate_hz': 7.26}, 1: {'delay_seconds': 2.14}, 3: {'gain_db': -4.24}, 5: {'wet_level': 0.46}}","{2: {'drive_db': 9.35}, 3: {'gain_db': -2.64}, 4: {'depth': 0.44}, 0: {'rate_hz': 5.34}, 5: {'wet_level': 0.29}, 1: {'delay_seconds': 4.12}}",0.7184239379782015,10.522539926583311
137.mp3,"{1: {'delay_seconds': 4.71}, 4: {'depth': 0.36}, 3: {'gain_db': -1.39}, 2: {'drive_db': 8.54}}","{3: {'gain_db': -5.81}, 1: {'delay_seconds': 4.98}, 4: {'depth': 0.23}}",0.783578172525488,31.664576363628075
138.mp3,{3: {'gain_db': 5.09}},{},0.6919766648450153,1.0720061459092354
139.mp3,{4: {'depth': 0.38}},"{3: {'gain_db': -1.59}, 2: {'drive_db': 16.98}, 4: {'depth': 0.38}}",0.6132138295302343,3.4608766767991628
140.mp3,"{5: {'wet_level': 0.45}, 3: {'gain_db': -4.06}, 4: {'depth': 0.25}, 2: {'drive_db': 4.56}, 0: {'rate_hz': 18.91}}","{0: {'rate_hz': 13.47}, 3: {'gain_db': 9.72}, 2: {'drive_db': 5.4}, 5: {'wet_level': 0.5}}",0.6509478177608311,47.42141387521016
141.mp3,"{3: {'gain_db': 5.21}, 5: {'wet_level': 0.3}, 2: {'drive_db': 4.91}, 4: {'depth': 0.44}, 1: {'delay_seconds': 4.04}}","{1: {'delay_seconds': 1.92}, 4: {'depth': 0.49}, 2: {'drive_db': 8.44}}",0.5824210764329604,44.92127352479071
142.mp3,"{3: {'gain_db': -4.81}, 2: {'drive_db': 1.29}, 5: {'wet_level': 0.44}}","{5: {'wet_level': 0.29}, 2: {'drive_db': 6.97}}",0.8126962137773683,25.661231998382195
143.mp3,"{3: {'gain_db': -4.7}, 4: {'depth': 0.26}, 2: {'drive_db': 17.52}, 5: {'wet_level': 0.53}, 1: {'delay_seconds': 4.7}}","{0: {'rate_hz': 5.86}, 2: {'drive_db': 6.63}, 1: {'delay_seconds': 4.56}, 4: {'depth': 0.34}}",0.5433101333954745,16.70535694751685
144.mp3,"{1: {'delay_seconds': 3.92}, 3: {'gain_db': -7.22}, 5: {'wet_level': 0.28}, 0: {'rate_hz': 13.06}, 2: {'drive_db': 15.16}}","{2: {'drive_db': 4.03}, 4: {'depth': 0.43}, 5: {'wet_level': 0.46}, 1: {'delay_seconds': 4.23}, 0: {'rate_hz': 10.53}}",0.6015717105276637,28.851666686228807
145.mp3,"{5: {'wet_level': 0.49}, 3: {'gain_db': 4.34}, 2: {'drive_db': 19.85}, 0: {'rate_hz': 6.41}}","{3: {'gain_db': -6.14}, 4: {'depth': 0.56}, 1: {'delay_seconds': 1.15}}",0.29841749647011623,67.88882476532582
146.mp3,"{5: {'wet_level': 0.38}, 0: {'rate_hz': 6.69}}","{5: {'wet_level': 0.28}, 1: {'delay_seconds': 4.21}, 0: {'rate_hz': 5.43}, 2: {'drive_db': 16.19}, 4: {'depth': 0.49}, 3: {'gain_db': 3.49}}",0.3521965675939675,23.77826680499739
147.mp3,"{3: {'gain_db': -0.38}, 2: {'drive_db': 18.0}, 4: {'depth': 0.33}}","{4: {'depth': 0.28}, 2: {'drive_db': 4.77}, 3: {'gain_db': -4.6}}",0.7145040296710407,2.2900760254678465
148.mp3,"{1: {'delay_seconds': 2.72}, 2: {'drive_db': 17.3}, 5: {'wet_level': 0.35}}",{1: {'delay_seconds': 2.44}},0.5734559855111124,3.878132970182609
149.mp3,"{1: {'delay_seconds': 3.86}, 5: {'wet_level': 0.52}}","{4: {'depth': 0.21}, 3: {'gain_db': -9.54}, 5: {'wet_level': 0.35}, 1: {'delay_seconds': 1.48}, 0: {'rate_hz': 18.18}, 2: {'drive_db': 5.37}}",0.5294938845991163,3.1220544812339712
150.mp3,{3: {'gain_db': -8.81}},{3: {'gain_db': 8.41}},0.6484982219106139,0.6882890844291933
151.mp3,{4: {'depth': 0.43}},"{2: {'drive_db': 18.83}, 4: {'depth': 0.42}}",0.6155740149743217,16.03936630826896
152.mp3,"{3: {'gain_db': 9.47}, 5: {'wet_level': 0.3}}",{},0.5532147700889535,12.24703177162508
153.mp3,"{5: {'wet_level': 0.36}, 0: {'rate_hz': 18.67}}","{4: {'depth': 0.34}, 1: {'delay_seconds': 2.5}}",0.4518921393996872,0.2391899426225398
154.mp3,"{1: {'delay_seconds': 1.5}, 3: {'gain_db': 0.23}, 2: {'drive_db': 5.08}, 5: {'wet_level': 0.31}}","{1: {'delay_seconds': 1.04}, 5: {'wet_level': 0.43}}",0.7501292834284097,7.981344353676492
155.mp3,{0: {'rate_hz': 18.72}},"{3: {'gain_db': -6.1}, 2: {'drive_db': 13.85}, 0: {'rate_hz': 13.99}}",0.6908308176202982,3.004727639242093
156.mp3,"{0: {'rate_hz': 16.28}, 4: {'depth': 0.51}}","{3: {'gain_db': 2.75}, 0: {'rate_hz': 2.7}}",0.4852270322430155,14.154173003708522
157.mp3,"{2: {'drive_db': 5.71}, 1: {'delay_seconds': 1.79}, 4: {'depth': 0.39}, 0: {'rate_hz': 18.22}, 5: {'wet_level': 0.48}, 3: {'gain_db': -4.39}}","{1: {'delay_seconds': 1.91}, 2: {'drive_db': 12.28}, 0: {'rate_hz': 11.98}, 5: {'wet_level': 0.27}, 3: {'gain_db': -5.03}}",0.6460093574683081,11.199814728824425
158.mp3,"{3: {'gain_db': 2.37}, 2: {'drive_db': 14.93}, 0: {'rate_hz': 15.0}, 5: {'wet_level': 0.53}, 1: {'delay_seconds': 1.31}}","{4: {'depth': 0.45}, 1: {'delay_seconds': 3.62}, 5: {'wet_level': 0.26}}",0.35699293679358896,2.5059651575003947
159.mp3,"{0: {'rate_hz': 4.52}, 1: {'delay_seconds': 2.64}, 4: {'depth': 0.46}, 3: {'gain_db': -5.46}, 5: {'wet_level': 0.39}, 2: {'drive_db': 11.94}}","{3: {'gain_db': 0.15}, 0: {'rate_hz': 10.9}, 2: {'drive_db': 12.5}, 5: {'wet_level': 0.25}, 4: {'depth': 0.38}, 1: {'delay_seconds': 1.63}}",0.7785459143817006,56.53790178633873
160.mp3,{4: {'depth': 0.59}},"{3: {'gain_db': -7.92}, 4: {'depth': 0.46}}",0.9018840444130479,9.762866910058236
161.mp3,"{0: {'rate_hz': 12.46}, 4: {'depth': 0.33}, 5: {'wet_level': 0.34}}","{1: {'delay_seconds': 4.13}, 5: {'wet_level': 0.34}, 4: {'depth': 0.24}, 3: {'gain_db': 2.37}, 0: {'rate_hz': 12.52}, 2: {'drive_db': 8.53}}",0.5400671244627103,11.19649005219287
162.mp3,"{5: {'wet_level': 0.38}, 0: {'rate_hz': 11.17}, 1: {'delay_seconds': 4.6}, 4: {'depth': 0.49}}",{0: {'rate_hz': 10.94}},0.4351124292457899,29.622670059753467
163.mp3,{3: {'gain_db': -5.04}},{3: {'gain_db': -1.62}},0.9301895423306795,0.1896957396794938
164.mp3,"{2: {'drive_db': 19.47}, 5: {'wet_level': 0.45}, 1: {'delay_seconds': 3.7}, 4: {'depth': 0.25}, 0: {'rate_hz': 3.21}, 3: {'gain_db': 1.78}}","{2: {'drive_db': 13.91}, 5: {'wet_level': 0.32}, 1: {'delay_seconds': 2.3}, 3: {'gain_db': 1.26}, 4: {'depth': 0.56}}",0.7124792358544955,6.449541670488837
165.mp3,"{0: {'rate_hz': 8.62}, 3: {'gain_db': -8.14}, 5: {'wet_level': 0.43}, 1: {'delay_seconds': 2.13}}","{3: {'gain_db': 5.77}, 2: {'drive_db': 1.63}, 0: {'rate_hz': 12.98}, 1: {'delay_seconds': 2.3}}",0.5811417083087425,21.745248652374368
166.mp3,"{0: {'rate_hz': 13.84}, 2: {'drive_db': 18.89}, 4: {'depth': 0.43}, 3: {'gain_db': 3.91}, 1: {'delay_seconds': 3.92}}","{0: {'rate_hz': 7.02}, 3: {'gain_db': 2.65}, 2: {'drive_db': 17.7}, 1: {'delay_seconds': 1.06}, 5: {'wet_level': 0.35}}",0.53365550307223,46.25872548539075
167.mp3,"{3: {'gain_db': 5.5}, 1: {'delay_seconds': 3.76}}","{3: {'gain_db': 6.91}, 1: {'delay_seconds': 4.17}}",0.95585204799012,6.3655942536574575
168.mp3,"{2: {'drive_db': 7.11}, 3: {'gain_db': -4.33}}",{},0.8143693182687732,1.8295745302571549
169.mp3,"{5: {'wet_level': 0.57}, 0: {'rate_hz': 3.87}}","{2: {'drive_db': 11.99}, 4: {'depth': 0.45}, 5: {'wet_level': 0.43}, 0: {'rate_hz': 3.0}, 3: {'gain_db': -6.32}}",0.5892906655462924,38.0380942220265
170.mp3,"{3: {'gain_db': -9.92}, 2: {'drive_db': 16.34}, 1: {'delay_seconds': 3.04}, 4: {'depth': 0.27}, 0: {'rate_hz': 10.7}}","{2: {'drive_db': 9.67}, 4: {'depth': 0.48}, 5: {'wet_level': 0.25}}",0.5790411023407173,40.02416594001667
171.mp3,"{0: {'rate_hz': 12.71}, 4: {'depth': 0.24}, 5: {'wet_level': 0.53}, 1: {'delay_seconds': 2.0}}","{5: {'wet_level': 0.22}, 2: {'drive_db': 9.65}, 3: {'gain_db': 1.81}, 0: {'rate_hz': 12.81}, 1: {'delay_seconds': 1.83}}",0.5897923403030191,4.775315213515326
172.mp3,"{3: {'gain_db': -5.13}, 2: {'drive_db': 18.71}, 1: {'delay_seconds': 2.62}}","{5: {'wet_level': 0.34}, 1: {'delay_seconds': 2.98}}",0.5416064988987607,20.600092151228825
173.mp3,"{2: {'drive_db': 5.73}, 5: {'wet_level': 0.5}, 0: {'rate_hz': 4.36}, 4: {'depth': 0.32}, 3: {'gain_db': 0.75}}","{4: {'depth': 0.31}, 1: {'delay_seconds': 2.01}}",0.5390519331091946,1.8892658943453744
174.mp3,"{1: {'delay_seconds': 1.83}, 0: {'rate_hz': 4.79}, 2: {'drive_db': 9.49}}",{0: {'rate_hz': 6.26}},0.7535219752865041,23.97934208224913
175.mp3,{3: {'gain_db': 3.47}},{},0.7250447763725882,0.4042735124393273
176.mp3,{4: {'depth': 0.33}},{4: {'depth': 0.34}},0.9931958618256023,0.0157410992459372
177.mp3,"{3: {'gain_db': -8.28}, 0: {'rate_hz': 15.78}, 2: {'drive_db': 5.27}, 1: {'delay_seconds': 3.76}}","{0: {'rate_hz': 15.71}, 4: {'depth': 0.55}, 5: {'wet_level': 0.54}, 2: {'drive_db': 1.33}}",0.3859968746309486,1.8299600799209328
178.mp3,{4: {'depth': 0.57}},"{4: {'depth': 0.55}, 3: {'gain_db': 8.82}}",0.615597409150443,0.9064887884094402
179.mp3,"{0: {'rate_hz': 17.02}, 5: {'wet_level': 0.38}}","{5: {'wet_level': 0.34}, 4: {'depth': 0.33}, 2: {'drive_db': 11.74}, 1: {'delay_seconds': 1.34}, 3: {'gain_db': -7.49}}",0.5061564528374658,12.395048463325052
180.mp3,"{2: {'drive_db': 9.38}, 5: {'wet_level': 0.57}, 0: {'rate_hz': 10.37}, 3: {'gain_db': -2.05}, 4: {'depth': 0.23}}",{2: {'drive_db': 7.07}},0.5017307965827367,2.8279938861792924
181.mp3,"{1: {'delay_seconds': 1.64}, 5: {'wet_level': 0.25}}","{1: {'delay_seconds': 1.58}, 3: {'gain_db': -8.92}, 4: {'depth': 0.52}, 5: {'wet_level': 0.47}}",0.6151590034928808,29.251459282681047
182.mp3,"{4: {'depth': 0.52}, 2: {'drive_db': 1.36}, 3: {'gain_db': -1.03}, 1: {'delay_seconds': 2.58}, 0: {'rate_hz': 8.37}}","{4: {'depth': 0.33}, 2: {'drive_db': 6.04}, 3: {'gain_db': -0.06}, 0: {'rate_hz': 8.58}, 1: {'delay_seconds': 2.65}}",0.8378826156875941,21.63446407830874
183.mp3,"{3: {'gain_db': -0.28}, 0: {'rate_hz': 12.56}, 2: {'drive_db': 8.62}}","{5: {'wet_level': 0.54}, 2: {'drive_db': 1.28}, 0: {'rate_hz': 8.64}}",0.549204222143404,6.728362999504646
184.mp3,{5: {'wet_level': 0.39}},"{3: {'gain_db': 4.3}, 5: {'wet_level': 0.29}}",0.7002771341784275,2.265584345659592
185.mp3,"{0: {'rate_hz': 4.65}, 1: {'delay_seconds': 4.8}, 5: {'wet_level': 0.26}, 4: {'depth': 0.6}, 2: {'drive_db': 11.93}, 3: {'gain_db': -4.48}}",{0: {'rate_hz': 19.51}},0.28196854435456914,8.646625933454102
186.mp3,{5: {'wet_level': 0.27}},"{2: {'drive_db': 5.64}, 3: {'gain_db': 0.58}, 5: {'wet_level': 0.38}}",0.7440781007445464,2.78825900967114
187.mp3,"{1: {'delay_seconds': 2.51}, 0: {'rate_hz': 6.65}}","{2: {'drive_db': 17.57}, 0: {'rate_hz': 16.59}, 1: {'delay_seconds': 1.76}, 3: {'gain_db': 3.33}}",0.5024236239530658,31.850458152362258
188.mp3,"{0: {'rate_hz': 10.81}, 2: {'drive_db': 7.46}}","{4: {'depth': 0.46}, 0: {'rate_hz': 17.18}, 5: {'wet_level': 0.25}, 3: {'gain_db': 6.52}, 1: {'delay_seconds': 1.61}}",0.4541184287642466,24.743016080079755
189.mp3,"{4: {'depth': 0.34}, 0: {'rate_hz': 18.29}, 1: {'delay_seconds': 2.41}, 3: {'gain_db': -6.19}, 2: {'drive_db': 5.19}}",{0: {'rate_hz': 1.38}},0.5218201417334143,8.959881801831589
190.mp3,{4: {'depth': 0.22}},"{2: {'drive_db': 17.32}, 4: {'depth': 0.27}, 3: {'gain_db': -3.9}}",0.6236301808848899,1.191739238226768
191.mp3,{2: {'drive_db': 14.5}},{},0.7040199894136993,3.275603867328509
192.mp3,"{0: {'rate_hz': 8.91}, 5: {'wet_level': 0.58}, 3: {'gain_db': 4.37}, 2: {'drive_db': 14.56}, 1: {'delay_seconds': 3.93}, 4: {'depth': 0.46}}","{1: {'delay_seconds': 4.85}, 0: {'rate_hz': 8.52}, 3: {'gain_db': -9.49}, 5: {'wet_level': 0.47}}",0.47308157827976044,1.80055748261031
193.mp3,{5: {'wet_level': 0.52}},{3: {'gain_db': -1.51}},0.6060221323663153,0.3490113224941892
194.mp3,"{3: {'gain_db': 3.62}, 5: {'wet_level': 0.2}, 1: {'delay_seconds': 2.34}, 2: {'drive_db': 9.12}}","{5: {'wet_level': 0.4}, 3: {'gain_db': 0.58}}",0.6941745838142532,28.320574932351946
195.mp3,"{2: {'drive_db': 1.49}, 0: {'rate_hz': 10.34}, 3: {'gain_db': -2.12}}","{0: {'rate_hz': 19.1}, 3: {'gain_db': 2.02}, 1: {'delay_seconds': 2.47}, 4: {'depth': 0.46}, 2: {'drive_db': 7.18}}",0.5626887020710575,43.97665263847696
196.mp3,"{0: {'rate_hz': 12.32}, 2: {'drive_db': 9.52}, 3: {'gain_db': 3.07}, 5: {'wet_level': 0.21}, 1: {'delay_seconds': 1.5}}","{0: {'rate_hz': 13.57}, 1: {'delay_seconds': 1.9}}",0.6379584508190623,0.5714507933061099
197.mp3,{4: {'depth': 0.42}},"{4: {'depth': 0.45}, 3: {'gain_db': -0.37}, 0: {'rate_hz': 2.33}, 1: {'delay_seconds': 4.86}, 2: {'drive_db': 5.38}, 5: {'wet_level': 0.29}}",0.5002216139275476,1.8603105529247672
198.mp3,"{0: {'rate_hz': 13.01}, 3: {'gain_db': 8.49}, 1: {'delay_seconds': 3.65}, 4: {'depth': 0.49}, 2: {'drive_db': 19.5}, 5: {'wet_level': 0.43}}","{1: {'delay_seconds': 4.01}, 0: {'rate_hz': 4.95}, 5: {'wet_level': 0.52}, 2: {'drive_db': 13.71}, 3: {'gain_db': -2.44}, 4: {'depth': 0.31}}",0.6676935400367106,20.84245902704889
199.mp3,"{0: {'rate_hz': 17.82}, 1: {'delay_seconds': 3.27}, 3: {'gain_db': -3.31}, 4: {'depth': 0.39}}","{0: {'rate_hz': 8.13}, 2: {'drive_db': 17.6}, 4: {'depth': 0.58}, 3: {'gain_db': 3.79}, 5: {'wet_level': 0.22}, 1: {'delay_seconds': 2.87}}",0.5210623784140879,39.12128319546079
200.mp3,"{4: {'depth': 0.26}, 2: {'drive_db': 1.88}, 0: {'rate_hz': 5.5}, 5: {'wet_level': 0.33}, 3: {'gain_db': -5.13}, 1: {'delay_seconds': 4.52}}","{1: {'delay_seconds': 1.59}, 2: {'drive_db': 7.71}, 4: {'depth': 0.56}, 5: {'wet_level': 0.29}, 0: {'rate_hz': 10.22}, 3: {'gain_db': -1.3}}",0.6405604027460607,30.930248864376512
201.mp3,"{5: {'wet_level': 0.36}, 4: {'depth': 0.42}}",{4: {'depth': 0.41}},0.7549565420251005,12.160275024742774
202.mp3,{3: {'gain_db': 2.72}},{2: {'drive_db': 5.95}},0.713352059720174,0.0922854334123018
203.mp3,"{0: {'rate_hz': 5.22}, 1: {'delay_seconds': 3.84}, 2: {'drive_db': 19.37}, 3: {'gain_db': 9.49}, 4: {'depth': 0.46}}","{0: {'rate_hz': 15.66}, 3: {'gain_db': -8.11}}",0.27399747156342735,22.92733715538838
204.mp3,"{2: {'drive_db': 7.84}, 0: {'rate_hz': 3.12}, 4: {'depth': 0.22}}","{3: {'gain_db': 1.05}, 2: {'drive_db': 4.54}, 5: {'wet_level': 0.53}, 4: {'depth': 0.43}}",0.541816079909356,33.133465932399886
205.mp3,{1: {'delay_seconds': 3.87}},"{1: {'delay_seconds': 3.36}, 3: {'gain_db': 5.53}}",0.6802719254324596,33.431892419434234
206.mp3,"{1: {'delay_seconds': 2.08}, 4: {'depth': 0.26}, 0: {'rate_hz': 16.78}, 3: {'gain_db': 4.54}, 5: {'wet_level': 0.33}, 2: {'drive_db': 17.32}}","{3: {'gain_db': 7.24}, 4: {'depth': 0.25}, 1: {'delay_seconds': 2.27}, 2: {'drive_db': 15.78}, 0: {'rate_hz': 15.81}}",0.7652206611241889,25.064398006043923
207.mp3,"{4: {'depth': 0.33}, 0: {'rate_hz': 10.54}, 1: {'delay_seconds': 4.71}, 2: {'drive_db': 19.6}}","{3: {'gain_db': 6.62}, 1: {'delay_seconds': 4.1}, 0: {'rate_hz': 14.46}, 2: {'drive_db': 9.67}, 5: {'wet_level': 0.33}, 4: {'depth': 0.5}}",0.5216084191484661,11.757188279704692
208.mp3,"{0: {'rate_hz': 6.87}, 4: {'depth': 0.22}, 2: {'drive_db': 18.73}}",{0: {'rate_hz': 1.6}},0.5755574352863031,1.1538342569118645
209.mp3,{0: {'rate_hz': 4.52}},{0: {'rate_hz': 5.46}},0.9808123303481984,19.113171149269565
210.mp3,"{5: {'wet_level': 0.4}, 1: {'delay_seconds': 1.5}}","{1: {'delay_seconds': 1.89}, 5: {'wet_level': 0.22}}",0.8734535658345127,10.985138568297064
211.mp3,{5: {'wet_level': 0.27}},{5: {'wet_level': 0.29}},0.9863917236512046,0.5152014422810312
212.mp3,"{4: {'depth': 0.37}, 0: {'rate_hz': 17.54}, 3: {'gain_db': -0.32}, 1: {'delay_seconds': 2.42}, 2: {'drive_db': 11.73}}","{1: {'delay_seconds': 4.65}, 0: {'rate_hz': 4.8}, 2: {'drive_db': 11.43}, 5: {'wet_level': 0.42}, 4: {'depth': 0.24}, 3: {'gain_db': 7.22}}",0.5374016420903109,5.005550137944591
213.mp3,"{3: {'gain_db': 2.1}, 1: {'delay_seconds': 1.1}, 5: {'wet_level': 0.32}}","{3: {'gain_db': -3.7}, 2: {'drive_db': 16.06}, 5: {'wet_level': 0.26}, 1: {'delay_seconds': 1.55}}",0.6471522991431006,14.695239315614964
214.mp3,"{4: {'depth': 0.6}, 2: {'drive_db': 12.7}, 0: {'rate_hz': 4.41}, 3: {'gain_db': -3.62}, 5: {'wet_level': 0.43}, 1: {'delay_seconds': 2.37}}","{1: {'delay_seconds': 3.17}, 3: {'gain_db': -6.7}, 0: {'rate_hz': 5.0}, 2: {'drive_db': 10.03}, 5: {'wet_level': 0.47}, 4: {'depth': 0.39}}",0.8197441889774219,8.368793869688078
215.mp3,"{2: {'drive_db': 13.81}, 4: {'depth': 0.5}, 3: {'gain_db': -5.79}}",{4: {'depth': 0.35}},0.6881238226475128,14.917688944157536
216.mp3,"{1: {'delay_seconds': 3.14}, 4: {'depth': 0.53}, 0: {'rate_hz': 10.65}, 3: {'gain_db': -1.53}, 2: {'drive_db': 10.25}, 5: {'wet_level': 0.46}}",{1: {'delay_seconds': 4.76}},0.3946631370942352,4.648467478314999
217.mp3,"{4: {'depth': 0.59}, 1: {'delay_seconds': 1.6}, 5: {'wet_level': 0.51}, 0: {'rate_hz': 13.54}, 2: {'drive_db': 8.3}, 3: {'gain_db': -8.92}}","{1: {'delay_seconds': 2.45}, 3: {'gain_db': 5.16}, 2: {'drive_db': 14.19}, 4: {'depth': 0.56}, 0: {'rate_hz': 5.67}}",0.5014874625448222,21.407481586092263
218.mp3,"{3: {'gain_db': -6.85}, 4: {'depth': 0.59}, 0: {'rate_hz': 18.76}, 2: {'drive_db': 18.64}, 5: {'wet_level': 0.47}, 1: {'delay_seconds': 2.43}}","{1: {'delay_seconds': 2.67}, 0: {'rate_hz': 18.11}, 3: {'gain_db': -0.71}, 2: {'drive_db': 13.81}, 5: {'wet_level': 0.51}, 4: {'depth': 0.48}}",0.8201912796165716,28.674997362584246
219.mp3,{2: {'drive_db': 4.84}},{},0.9012039137077451,0.7205689001278384
220.mp3,"{4: {'depth': 0.38}, 2: {'drive_db': 12.17}, 0: {'rate_hz': 14.95}, 3: {'gain_db': 1.61}, 1: {'delay_seconds': 4.88}}","{4: {'depth': 0.43}, 3: {'gain_db': 6.0}, 2: {'drive_db': 12.11}, 5: {'wet_level': 0.4}, 1: {'delay_seconds': 2.35}, 0: {'rate_hz': 17.07}}",0.6424970538841931,32.80533942903396
221.mp3,"{3: {'gain_db': 3.87}, 2: {'drive_db': 14.35}, 5: {'wet_level': 0.6}, 0: {'rate_hz': 1.92}, 1: {'delay_seconds': 4.66}}","{3: {'gain_db': -7.0}, 1: {'delay_seconds': 1.84}, 5: {'wet_level': 0.36}, 4: {'depth': 0.26}, 0: {'rate_hz': 11.57}}",0.4663211752720902,1.2032274695105625
222.mp3,"{5: {'wet_level': 0.33}, 3: {'gain_db': -6.77}, 2: {'drive_db': 19.5}}","{2: {'drive_db': 1.19}, 5: {'wet_level': 0.28}}",0.6189560514314121,2.091749096388136
223.mp3,"{2: {'drive_db': 1.38}, 0: {'rate_hz': 15.29}, 3: {'gain_db': -8.51}, 4: {'depth': 0.27}, 5: {'wet_level': 0.41}}",{0: {'rate_hz': 17.8}},0.6595331772295464,22.760921148247785
224.mp3,"{1: {'delay_seconds': 2.49}, 2: {'drive_db': 13.48}, 5: {'wet_level': 0.6}}","{0: {'rate_hz': 3.21}, 1: {'delay_seconds': 3.05}, 4: {'depth': 0.32}, 5: {'wet_level': 0.37}}",0.6075782160971672,0.5882043521069483
225.mp3,"{0: {'rate_hz': 19.38}, 2: {'drive_db': 2.68}}","{1: {'delay_seconds': 4.21}, 0: {'rate_hz': 13.19}, 3: {'gain_db': 2.98}, 2: {'drive_db': 7.24}, 4: {'depth': 0.24}}",0.5104527176393819,5.181151524311337
226.mp3,"{2: {'drive_db': 19.71}, 5: {'wet_level': 0.52}}","{4: {'depth': 0.58}, 1: {'delay_seconds': 1.22}, 3: {'gain_db': 1.82}, 2: {'drive_db': 17.78}, 0: {'rate_hz': 4.23}}",0.40161090479583494,1.5589331073028478
227.mp3,"{2: {'drive_db': 19.23}, 4: {'depth': 0.55}, 0: {'rate_hz': 14.6}, 1: {'delay_seconds': 4.24}, 3: {'gain_db': 1.72}}","{0: {'rate_hz': 1.67}, 1: {'delay_seconds': 2.57}}",0.33696728615427296,69.06272186340884
228.mp3,"{0: {'rate_hz': 6.48}, 2: {'drive_db': 8.76}, 5: {'wet_level': 0.2}, 1: {'delay_seconds': 3.9}, 4: {'depth': 0.23}, 3: {'gain_db': 6.67}}","{3: {'gain_db': -5.37}, 0: {'rate_hz': 6.07}}",0.5133235493753651,15.700176163915826
229.mp3,{1: {'delay_seconds': 3.22}},{1: {'delay_seconds': 3.1}},0.9902020410288673,8.014987482859565
230.mp3,"{4: {'depth': 0.23}, 1: {'delay_seconds': 3.31}, 3: {'gain_db': 7.54}, 0: {'rate_hz': 13.86}, 5: {'wet_level': 0.43}, 2: {'drive_db': 2.03}}","{0: {'rate_hz': 7.38}, 3: {'gain_db': 8.01}, 4: {'depth': 0.57}, 2: {'drive_db': 9.31}}",0.49817159768465635,53.02720899192641
231.mp3,{5: {'wet_level': 0.31}},"{2: {'drive_db': 4.19}, 3: {'gain_db': 2.22}}",0.6623227146015384,0.1718460660506024
232.mp3,"{0: {'rate_hz': 12.86}, 5: {'wet_level': 0.58}, 2: {'drive_db': 10.59}, 3: {'gain_db': 1.98}, 4: {'depth': 0.25}}",{0: {'rate_hz': 15.28}},0.4581101271851823,9.739343532574845
233.mp3,"{3: {'gain_db': 7.58}, 4: {'depth': 0.44}, 0: {'rate_hz': 15.1}, 1: {'delay_seconds': 3.54}}","{5: {'wet_level': 0.41}, 3: {'gain_db': -2.5}, 2: {'drive_db': 12.01}, 0: {'rate_hz': 10.76}, 1: {'delay_seconds': 4.79}, 4: {'depth': 0.45}}",0.5543866638324539,18.66061884258537
234.mp3,"{3: {'gain_db': -1.5}, 4: {'depth': 0.37}, 1: {'delay_seconds': 3.17}}","{4: {'depth': 0.54}, 3: {'gain_db': -3.59}}",0.7133079387862946,72.44382640366848
235.mp3,"{3: {'gain_db': 4.0}, 2: {'drive_db': 6.63}, 5: {'wet_level': 0.47}, 4: {'depth': 0.47}}","{2: {'drive_db': 10.89}, 0: {'rate_hz': 3.81}, 4: {'depth': 0.46}, 3: {'gain_db': -0.9}}",0.6451354392426859,28.337110509881047
236.mp3,"{5: {'wet_level': 0.39}, 0: {'rate_hz': 18.82}}","{2: {'drive_db': 5.69}, 5: {'wet_level': 0.44}, 0: {'rate_hz': 17.92}, 4: {'depth': 0.32}}",0.7502153798139656,10.07486099655344
237.mp3,"{0: {'rate_hz': 13.83}, 2: {'drive_db': 12.57}, 3: {'gain_db': -1.54}}",{0: {'rate_hz': 10.23}},0.6821055599731256,5.730816873502515
238.mp3,"{0: {'rate_hz': 10.4}, 5: {'wet_level': 0.55}, 2: {'drive_db': 1.84}, 3: {'gain_db': -6.28}, 4: {'depth': 0.44}}","{4: {'depth': 0.36}, 0: {'rate_hz': 11.98}, 5: {'wet_level': 0.25}}",0.7701164143246347,16.643298509418564
239.mp3,"{4: {'depth': 0.48}, 5: {'wet_level': 0.48}, 0: {'rate_hz': 5.33}, 2: {'drive_db': 16.63}, 1: {'delay_seconds': 3.64}, 3: {'gain_db': -3.47}}","{4: {'depth': 0.47}, 0: {'rate_hz': 12.9}, 1: {'delay_seconds': 4.5}}",0.48181108210457674,15.533522558273138
240.mp3,"{4: {'depth': 0.25}, 1: {'delay_seconds': 3.79}, 2: {'drive_db': 11.73}}","{3: {'gain_db': 3.81}, 5: {'wet_level': 0.37}, 4: {'depth': 0.47}}",0.4357809641899962,39.31796425589321
241.mp3,"{4: {'depth': 0.21}, 3: {'gain_db': -5.32}, 5: {'wet_level': 0.3}, 0: {'rate_hz': 19.8}}","{0: {'rate_hz': 19.27}, 2: {'drive_db': 19.29}}",0.5242166984855395,33.69735953579356
242.mp3,"{3: {'gain_db': 8.9}, 1: {'delay_seconds': 2.98}}","{4: {'depth': 0.47}, 3: {'gain_db': -0.83}, 5: {'wet_level': 0.23}, 2: {'drive_db': 12.71}, 1: {'delay_seconds': 4.7}}",0.496771414505039,22.41992976114277
243.mp3,"{1: {'delay_seconds': 1.07}, 0: {'rate_hz': 17.1}, 3: {'gain_db': -4.68}, 2: {'drive_db': 16.03}, 5: {'wet_level': 0.36}}","{3: {'gain_db': -5.51}, 1: {'delay_seconds': 1.69}, 0: {'rate_hz': 8.69}, 2: {'drive_db': 9.55}, 5: {'wet_level': 0.54}}",0.7454106247307244,13.239964790886638
244.mp3,"{3: {'gain_db': -6.12}, 2: {'drive_db': 4.04}, 0: {'rate_hz': 9.99}}","{0: {'rate_hz': 16.49}, 5: {'wet_level': 0.58}}",0.5682382129683768,3.955032516706392
245.mp3,"{4: {'depth': 0.37}, 5: {'wet_level': 0.26}, 0: {'rate_hz': 13.38}, 1: {'delay_seconds': 4.08}, 3: {'gain_db': -4.84}}","{4: {'depth': 0.39}, 2: {'drive_db': 16.87}, 1: {'delay_seconds': 4.73}, 0: {'rate_hz': 11.25}}",0.5927352644595719,13.598146283294096
246.mp3,"{1: {'delay_seconds': 2.35}, 2: {'drive_db': 11.72}}",{5: {'wet_level': 0.53}},0.5266126008968661,21.55865708912147
247.mp3,"{4: {'depth': 0.22}, 5: {'wet_level': 0.42}, 2: {'drive_db': 17.16}}",{4: {'depth': 0.24}},0.547732543894819,1.4514816534366235
248.mp3,"{3: {'gain_db': -2.23}, 4: {'depth': 0.46}}","{2: {'drive_db': 17.55}, 0: {'rate_hz': 3.14}}",0.4944697045382644,23.494787308105803
249.mp3,"{4: {'depth': 0.22}, 2: {'drive_db': 11.32}, 1: {'delay_seconds': 2.85}, 0: {'rate_hz': 7.28}}","{3: {'gain_db': -1.16}, 1: {'delay_seconds': 3.34}}",0.6366213076223729,10.511586383834358
