audio_name,applied_effects,GA_effects,similarity_indv,similarity_indv_effects_only
0.mp3,"{5: {'wet_level': 0.39}, 0: {'rate_hz': 3.02}, 1: {'delay_seconds': 4.69}, 2: {'drive_db': 2.34}, 3: {'gain_db': -7.01}}","{0: {'rate_hz': 17.21}, 2: {'drive_db': 16.82}, 3: {'gain_db': 8.99}, 1: {'delay_seconds': 1.94}}",0.13169965776271372,0.8
1.mp3,"{1: {'delay_seconds': 1.25}, 0: {'rate_hz': 11.35}, 3: {'gain_db': -3.59}, 4: {'depth': 0.29}, 5: {'wet_level': 0.3}}","{4: {'depth': 0.28}, 1: {'delay_seconds': 4.74}, 0: {'rate_hz': 8.64}}",0.35504790400498676,0.6000000000000001
2.mp3,"{2: {'drive_db': 1.18}, 1: {'delay_seconds': 4.98}, 5: {'wet_level': 0.52}}","{1: {'delay_seconds': 1.65}, 5: {'wet_level': 0.56}, 4: {'depth': 0.39}, 2: {'drive_db': 7.68}, 0: {'rate_hz': 2.67}}",0.33858786493573073,0.6000000000000001
3.mp3,"{4: {'depth': 0.42}, 3: {'gain_db': 7.84}}","{4: {'depth': 0.57}, 2: {'drive_db': 19.04}, 0: {'rate_hz': 3.3}, 3: {'gain_db': 9.54}}",0.3057225845902976,0.5
4.mp3,"{2: {'drive_db': 19.45}, 0: {'rate_hz': 19.75}}","{2: {'drive_db': 17.54}, 1: {'delay_seconds': 1.13}, 4: {'depth': 0.44}, 0: {'rate_hz': 17.21}, 3: {'gain_db': 4.16}}",0.35220205962059625,0.4
5.mp3,"{2: {'drive_db': 3.52}, 5: {'wet_level': 0.56}, 1: {'delay_seconds': 1.17}, 4: {'depth': 0.44}}","{5: {'wet_level': 0.56}, 3: {'gain_db': 5.1}, 2: {'drive_db': 19.4}, 0: {'rate_hz': 1.5}, 4: {'depth': 0.45}, 1: {'delay_seconds': 3.95}}",0.3781487560591593,0.6666666666666666
6.mp3,"{5: {'wet_level': 0.55}, 0: {'rate_hz': 4.57}}","{5: {'wet_level': 0.55}, 0: {'rate_hz': 5.16}, 1: {'delay_seconds': 2.09}, 4: {'depth': 0.45}, 3: {'gain_db': -5.58}}",0.392352559948153,0.4
7.mp3,"{0: {'rate_hz': 13.71}, 5: {'wet_level': 0.42}, 1: {'delay_seconds': 2.73}, 3: {'gain_db': 9.42}}","{1: {'delay_seconds': 2.99}, 4: {'depth': 0.26}, 2: {'drive_db': 18.96}}",0.2213656387665198,0.25
8.mp3,"{1: {'delay_seconds': 2.41}, 3: {'gain_db': 0.15}, 2: {'drive_db': 13.21}}","{5: {'wet_level': 0.33}, 0: {'rate_hz': 2.25}, 4: {'depth': 0.48}}",0.0,0.0
9.mp3,{3: {'gain_db': 0.57}},"{3: {'gain_db': -5.2}, 4: {'depth': 0.58}, 1: {'delay_seconds': 4.0}}",0.15137180700094605,0.3333333333333333
10.mp3,"{2: {'drive_db': 2.33}, 4: {'depth': 0.27}, 0: {'rate_hz': 7.74}}","{1: {'delay_seconds': 1.14}, 0: {'rate_hz': 3.24}, 3: {'gain_db': -8.17}}",0.210984230560087,0.3333333333333333
11.mp3,"{4: {'depth': 0.45}, 3: {'gain_db': -5.56}, 5: {'wet_level': 0.58}, 1: {'delay_seconds': 3.73}, 2: {'drive_db': 16.35}}","{2: {'drive_db': 16.59}, 4: {'depth': 0.23}, 1: {'delay_seconds': 3.47}, 3: {'gain_db': -6.89}}",0.5847302294405282,0.8
12.mp3,"{3: {'gain_db': -9.03}, 2: {'drive_db': 12.49}}","{1: {'delay_seconds': 4.05}, 2: {'drive_db': 15.88}, 3: {'gain_db': -9.04}}",0.5681451164781731,0.6666666666666666
13.mp3,"{3: {'gain_db': 8.91}, 5: {'wet_level': 0.47}, 1: {'delay_seconds': 2.7}, 4: {'depth': 0.54}, 0: {'rate_hz': 6.01}}","{2: {'drive_db': 18.39}, 1: {'delay_seconds': 1.1}, 4: {'depth': 0.38}, 5: {'wet_level': 0.57}, 0: {'rate_hz': 7.66}}",0.46908956674353586,0.8
14.mp3,{4: {'depth': 0.24}},"{2: {'drive_db': 18.44}, 0: {'rate_hz': 15.78}, 5: {'wet_level': 0.38}, 1: {'delay_seconds': 4.96}, 3: {'gain_db': -5.51}, 4: {'depth': 0.56}}",0.01851851851851849,0.16666666666666666
15.mp3,"{0: {'rate_hz': 19.04}, 3: {'gain_db': 1.32}, 1: {'delay_seconds': 4.79}, 4: {'depth': 0.21}, 2: {'drive_db': 12.44}}","{0: {'rate_hz': 19.47}, 4: {'depth': 0.24}, 1: {'delay_seconds': 1.86}, 3: {'gain_db': -9.2}, 2: {'drive_db': 1.58}}",0.4495049220901215,1.0
16.mp3,"{5: {'wet_level': 0.58}, 4: {'depth': 0.55}, 2: {'drive_db': 11.28}, 0: {'rate_hz': 4.86}}","{4: {'depth': 0.25}, 1: {'delay_seconds': 4.29}, 0: {'rate_hz': 4.34}, 2: {'drive_db': 2.45}, 3: {'gain_db': -5.14}}",0.2499123246952843,0.6000000000000001
17.mp3,{5: {'wet_level': 0.5}},"{5: {'wet_level': 0.46}, 2: {'drive_db': 17.57}}",0.43333333333333335,0.5
18.mp3,{2: {'drive_db': 18.79}},"{5: {'wet_level': 0.21}, 4: {'depth': 0.3}, 1: {'delay_seconds': 3.83}}",0.0,0.0
19.mp3,"{0: {'rate_hz': 3.79}, 2: {'drive_db': 14.26}}","{0: {'rate_hz': 13.25}, 1: {'delay_seconds': 1.25}}",0.20820481184454037,0.5
20.mp3,"{3: {'gain_db': 4.22}, 4: {'depth': 0.53}, 5: {'wet_level': 0.22}, 0: {'rate_hz': 18.91}, 1: {'delay_seconds': 1.72}, 2: {'drive_db': 19.95}}","{4: {'depth': 0.56}, 0: {'rate_hz': 15.58}, 1: {'delay_seconds': 1.89}, 5: {'wet_level': 0.42}, 2: {'drive_db': 8.31}, 3: {'gain_db': -9.57}}",0.5935012136390849,0.9999999999999999
21.mp3,"{0: {'rate_hz': 4.24}, 1: {'delay_seconds': 3.9}}","{1: {'delay_seconds': 4.53}, 0: {'rate_hz': 9.35}, 5: {'wet_level': 0.38}, 4: {'depth': 0.24}, 2: {'drive_db': 8.31}}",0.2917040084018904,0.4
22.mp3,"{5: {'wet_level': 0.46}, 0: {'rate_hz': 16.18}, 2: {'drive_db': 19.99}, 3: {'gain_db': 6.4}}","{5: {'wet_level': 0.31}, 4: {'depth': 0.4}, 0: {'rate_hz': 14.9}, 1: {'delay_seconds': 4.84}, 3: {'gain_db': 8.93}}",0.4368974309536346,0.6000000000000001
23.mp3,"{2: {'drive_db': 9.91}, 3: {'gain_db': 9.39}, 5: {'wet_level': 0.27}, 1: {'delay_seconds': 1.38}, 4: {'depth': 0.24}, 0: {'rate_hz': 11.23}}","{0: {'rate_hz': 16.11}, 5: {'wet_level': 0.22}}",0.22857608341479307,0.3333333333333333
24.mp3,"{5: {'wet_level': 0.52}, 1: {'delay_seconds': 2.19}}","{2: {'drive_db': 14.32}, 4: {'depth': 0.32}, 1: {'delay_seconds': 1.98}}",0.3084223013048636,0.3333333333333333
25.mp3,"{0: {'rate_hz': 15.56}, 2: {'drive_db': 15.4}, 4: {'depth': 0.57}, 1: {'delay_seconds': 1.18}}","{3: {'gain_db': -8.8}, 4: {'depth': 0.45}, 1: {'delay_seconds': 1.67}, 5: {'wet_level': 0.33}, 0: {'rate_hz': 5.7}}",0.37404112443379467,0.6000000000000001
26.mp3,{0: {'rate_hz': 17.53}},"{0: {'rate_hz': 2.15}, 4: {'depth': 0.49}, 3: {'gain_db': 5.38}, 1: {'delay_seconds': 4.01}}",0.017392619479733834,0.25
27.mp3,"{1: {'delay_seconds': 4.38}, 3: {'gain_db': -0.56}}","{1: {'delay_seconds': 5.0}, 3: {'gain_db': 8.59}, 2: {'drive_db': 18.25}}",0.31669692487000173,0.6666666666666666
28.mp3,{0: {'rate_hz': 17.77}},"{4: {'depth': 0.59}, 1: {'delay_seconds': 1.6}}",0.0,0.0
29.mp3,"{3: {'gain_db': -4.35}, 1: {'delay_seconds': 2.42}, 0: {'rate_hz': 1.7}}","{4: {'depth': 0.45}, 0: {'rate_hz': 2.13}, 3: {'gain_db': 2.87}, 2: {'drive_db': 8.09}}",0.3683417109346737,0.5
30.mp3,"{0: {'rate_hz': 18.06}, 1: {'delay_seconds': 1.28}, 2: {'drive_db': 8.53}, 5: {'wet_level': 0.5}, 3: {'gain_db': -0.12}}","{1: {'delay_seconds': 1.83}, 5: {'wet_level': 0.36}, 3: {'gain_db': 6.62}, 2: {'drive_db': 10.0}, 0: {'rate_hz': 11.08}}",0.6364342700788936,1.0
31.mp3,"{1: {'delay_seconds': 2.35}, 3: {'gain_db': 3.16}, 2: {'drive_db': 13.6}}","{2: {'drive_db': 18.45}, 3: {'gain_db': 7.03}, 5: {'wet_level': 0.24}}",0.44033547225036584,0.6666666666666666
32.mp3,"{2: {'drive_db': 10.83}, 5: {'wet_level': 0.28}, 1: {'delay_seconds': 3.39}, 0: {'rate_hz': 1.7}, 3: {'gain_db': -0.0}, 4: {'depth': 0.21}}","{5: {'wet_level': 0.3}, 0: {'rate_hz': 1.01}, 2: {'drive_db': 3.02}, 1: {'delay_seconds': 1.61}, 3: {'gain_db': 1.92}}",0.5280864325132064,0.8333333333333333
33.mp3,"{3: {'gain_db': 0.6}, 2: {'drive_db': 4.31}}","{4: {'depth': 0.32}, 1: {'delay_seconds': 2.02}}",0.0,0.0
34.mp3,"{5: {'wet_level': 0.31}, 1: {'delay_seconds': 1.5}, 0: {'rate_hz': 16.45}, 2: {'drive_db': 10.19}, 3: {'gain_db': 8.88}}","{5: {'wet_level': 0.24}, 4: {'depth': 0.41}, 2: {'drive_db': 11.59}, 1: {'delay_seconds': 2.11}}",0.48832469130223,0.6000000000000001
35.mp3,"{2: {'drive_db': 14.83}, 1: {'delay_seconds': 3.52}, 3: {'gain_db': 8.73}, 5: {'wet_level': 0.48}}","{5: {'wet_level': 0.59}, 4: {'depth': 0.44}, 1: {'delay_seconds': 3.62}}",0.39186507936507936,0.5
36.mp3,{1: {'delay_seconds': 4.8}},"{5: {'wet_level': 0.41}, 1: {'delay_seconds': 4.06}, 4: {'depth': 0.31}, 0: {'rate_hz': 1.05}}",0.2013157894736842,0.25
37.mp3,"{5: {'wet_level': 0.27}, 2: {'drive_db': 2.15}}","{4: {'depth': 0.59}, 5: {'wet_level': 0.36}, 2: {'drive_db': 13.43}}",0.36511331805449454,0.6666666666666666
38.mp3,"{5: {'wet_level': 0.42}, 1: {'delay_seconds': 1.42}, 0: {'rate_hz': 17.63}, 4: {'depth': 0.42}}","{0: {'rate_hz': 11.49}, 1: {'delay_seconds': 1.87}, 4: {'depth': 0.48}, 2: {'drive_db': 3.89}}",0.5580905340657523,0.75
39.mp3,"{4: {'depth': 0.22}, 1: {'delay_seconds': 2.55}, 5: {'wet_level': 0.52}, 2: {'drive_db': 10.14}, 3: {'gain_db': -5.8}}","{4: {'depth': 0.45}, 5: {'wet_level': 0.56}}",0.25394736842105264,0.4
40.mp3,"{1: {'delay_seconds': 1.49}, 4: {'depth': 0.34}, 2: {'drive_db': 9.59}}","{3: {'gain_db': -9.99}, 1: {'delay_seconds': 3.23}, 4: {'depth': 0.28}}",0.4245014245014245,0.6666666666666666
41.mp3,{2: {'drive_db': 2.05}},{0: {'rate_hz': 1.37}},0.0,0.0
42.mp3,{0: {'rate_hz': 7.81}},"{0: {'rate_hz': 19.08}, 5: {'wet_level': 0.42}, 4: {'depth': 0.5}, 1: {'delay_seconds': 4.93}, 3: {'gain_db': -0.54}, 2: {'drive_db': 13.32}}",0.012578616352201272,0.16666666666666666
43.mp3,"{1: {'delay_seconds': 4.58}, 3: {'gain_db': -1.35}, 4: {'depth': 0.54}, 2: {'drive_db': 5.53}, 0: {'rate_hz': 10.36}, 5: {'wet_level': 0.35}}","{4: {'depth': 0.41}, 0: {'rate_hz': 14.26}, 5: {'wet_level': 0.42}, 3: {'gain_db': 5.1}}",0.39413346752414014,0.6666666666666666
44.mp3,"{5: {'wet_level': 0.52}, 1: {'delay_seconds': 3.83}, 4: {'depth': 0.34}, 2: {'drive_db': 2.89}, 3: {'gain_db': -7.79}}","{0: {'rate_hz': 1.65}, 1: {'delay_seconds': 4.46}, 2: {'drive_db': 6.31}, 4: {'depth': 0.35}, 3: {'gain_db': -4.44}}",0.6701464946065061,0.8
45.mp3,{4: {'depth': 0.23}},"{5: {'wet_level': 0.44}, 4: {'depth': 0.56}, 2: {'drive_db': 16.01}}",0.03603603603603596,0.3333333333333333
46.mp3,"{1: {'delay_seconds': 1.82}, 3: {'gain_db': 2.1}, 4: {'depth': 0.58}}","{5: {'wet_level': 0.49}, 1: {'delay_seconds': 2.1}, 4: {'depth': 0.36}, 2: {'drive_db': 18.57}, 0: {'rate_hz': 12.39}, 3: {'gain_db': -5.52}}",0.28387504183297263,0.5
47.mp3,{4: {'depth': 0.39}},"{4: {'depth': 0.46}, 2: {'drive_db': 1.74}, 5: {'wet_level': 0.2}}",0.22222222222222215,0.3333333333333333
48.mp3,"{5: {'wet_level': 0.45}, 0: {'rate_hz': 7.33}, 2: {'drive_db': 6.43}, 3: {'gain_db': 6.64}, 4: {'depth': 0.47}}","{0: {'rate_hz': 6.39}, 2: {'drive_db': 18.47}}",0.2077115416045539,0.4
49.mp3,"{0: {'rate_hz': 1.55}, 3: {'gain_db': -0.79}, 1: {'delay_seconds': 4.75}, 2: {'drive_db': 14.77}, 5: {'wet_level': 0.34}}","{1: {'delay_seconds': 2.51}, 5: {'wet_level': 0.24}, 0: {'rate_hz': 6.91}, 4: {'depth': 0.42}, 3: {'gain_db': 4.64}, 2: {'drive_db': 6.38}}",0.43583284376912446,0.8333333333333333
50.mp3,"{1: {'delay_seconds': 3.92}, 2: {'drive_db': 14.44}, 3: {'gain_db': 9.2}}","{4: {'depth': 0.55}, 1: {'delay_seconds': 3.0}}",0.22831050228310504,0.3333333333333333
51.mp3,"{0: {'rate_hz': 17.58}, 4: {'depth': 0.53}, 1: {'delay_seconds': 2.41}, 3: {'gain_db': -0.36}, 5: {'wet_level': 0.26}}","{5: {'wet_level': 0.35}, 0: {'rate_hz': 16.57}, 2: {'drive_db': 11.06}}",0.33487547009153484,0.4
52.mp3,"{5: {'wet_level': 0.45}, 1: {'delay_seconds': 1.17}, 3: {'gain_db': 7.23}}","{5: {'wet_level': 0.23}, 4: {'depth': 0.6}, 0: {'rate_hz': 18.19}, 1: {'delay_seconds': 1.52}, 2: {'drive_db': 13.74}, 3: {'gain_db': 6.86}}",0.3345236691725677,0.5
53.mp3,"{1: {'delay_seconds': 4.49}, 4: {'depth': 0.48}}","{1: {'delay_seconds': 4.49}, 4: {'depth': 0.33}}",0.7321428571428572,1.0
54.mp3,"{2: {'drive_db': 6.28}, 3: {'gain_db': -2.79}, 5: {'wet_level': 0.36}, 0: {'rate_hz': 13.82}}","{3: {'gain_db': -7.43}, 0: {'rate_hz': 2.87}, 5: {'wet_level': 0.55}, 4: {'depth': 0.29}}",0.24785393585407212,0.75
55.mp3,"{3: {'gain_db': -5.99}, 4: {'depth': 0.42}, 1: {'delay_seconds': 1.62}, 0: {'rate_hz': 17.74}, 2: {'drive_db': 15.22}}","{1: {'delay_seconds': 1.11}, 0: {'rate_hz': 19.61}}",0.3474807886718557,0.4
56.mp3,"{0: {'rate_hz': 10.43}, 2: {'drive_db': 4.03}, 5: {'wet_level': 0.32}, 3: {'gain_db': 6.1}, 1: {'delay_seconds': 1.15}, 4: {'depth': 0.3}}","{4: {'depth': 0.4}, 3: {'gain_db': -9.89}, 1: {'delay_seconds': 2.01}}",0.24168705690444817,0.5
57.mp3,"{0: {'rate_hz': 16.66}, 3: {'gain_db': 8.85}, 1: {'delay_seconds': 4.78}, 4: {'depth': 0.48}}","{0: {'rate_hz': 18.34}, 4: {'depth': 0.46}, 1: {'delay_seconds': 1.79}, 3: {'gain_db': -2.74}}",0.603858083168428,1.0
58.mp3,"{4: {'depth': 0.28}, 5: {'wet_level': 0.51}, 2: {'drive_db': 18.35}}",{2: {'drive_db': 16.71}},0.30182516810758886,0.3333333333333333
59.mp3,"{4: {'depth': 0.26}, 5: {'wet_level': 0.33}, 0: {'rate_hz': 17.9}, 3: {'gain_db': -9.3}, 1: {'delay_seconds': 3.58}, 2: {'drive_db': 14.32}}","{1: {'delay_seconds': 1.82}, 0: {'rate_hz': 5.17}, 3: {'gain_db': -0.68}}",0.18632381585703114,0.5
60.mp3,"{4: {'depth': 0.57}, 3: {'gain_db': -2.92}, 2: {'drive_db': 17.84}, 1: {'delay_seconds': 3.42}}","{2: {'drive_db': 16.16}, 3: {'gain_db': 1.23}, 5: {'wet_level': 0.31}}",0.3947575248376635,0.5
61.mp3,"{3: {'gain_db': 1.11}, 0: {'rate_hz': 9.79}, 2: {'drive_db': 7.93}, 5: {'wet_level': 0.34}}","{5: {'wet_level': 0.35}, 3: {'gain_db': 5.86}, 2: {'drive_db': 2.03}}",0.511295115713853,0.75
62.mp3,"{1: {'delay_seconds': 4.69}, 4: {'depth': 0.37}, 3: {'gain_db': 6.35}, 2: {'drive_db': 9.93}, 0: {'rate_hz': 11.67}, 5: {'wet_level': 0.39}}","{0: {'rate_hz': 1.76}, 4: {'depth': 0.58}, 5: {'wet_level': 0.41}, 2: {'drive_db': 18.11}, 1: {'delay_seconds': 2.1}}",0.2581225575808857,0.8333333333333333
63.mp3,"{3: {'gain_db': -8.82}, 0: {'rate_hz': 15.56}, 1: {'delay_seconds': 4.18}, 5: {'wet_level': 0.3}}","{0: {'rate_hz': 18.24}, 1: {'delay_seconds': 3.86}, 3: {'gain_db': -2.1}}",0.5895595462658303,0.75
64.mp3,{5: {'wet_level': 0.59}},"{0: {'rate_hz': 5.9}, 1: {'delay_seconds': 3.05}, 4: {'depth': 0.44}, 3: {'gain_db': 3.84}}",0.0,0.0
65.mp3,"{0: {'rate_hz': 10.38}, 5: {'wet_level': 0.49}, 3: {'gain_db': -6.95}, 2: {'drive_db': 6.66}, 1: {'delay_seconds': 2.72}}","{0: {'rate_hz': 12.38}, 5: {'wet_level': 0.57}, 2: {'drive_db': 7.86}, 1: {'delay_seconds': 4.37}}",0.5405196980238408,0.8
66.mp3,"{5: {'wet_level': 0.32}, 3: {'gain_db': 2.2}, 0: {'rate_hz': 15.79}, 4: {'depth': 0.51}}","{0: {'rate_hz': 10.3}, 2: {'drive_db': 1.13}, 3: {'gain_db': -6.75}}",0.2237991720147641,0.5
67.mp3,"{3: {'gain_db': -4.04}, 2: {'drive_db': 1.05}, 4: {'depth': 0.24}, 5: {'wet_level': 0.36}, 1: {'delay_seconds': 3.2}, 0: {'rate_hz': 2.98}}",{1: {'delay_seconds': 1.66}},0.04999999999999999,0.16666666666666666
68.mp3,{2: {'drive_db': 19.3}},"{1: {'delay_seconds': 4.54}, 3: {'gain_db': -7.04}}",0.0,0.0
69.mp3,{0: {'rate_hz': 14.0}},"{3: {'gain_db': -7.31}, 5: {'wet_level': 0.53}, 0: {'rate_hz': 14.09}, 4: {'depth': 0.27}, 2: {'drive_db': 7.71}}",0.19861538461538464,0.2
70.mp3,"{1: {'delay_seconds': 2.83}, 3: {'gain_db': -9.44}, 2: {'drive_db': 14.68}, 0: {'rate_hz': 18.74}}","{4: {'depth': 0.56}, 1: {'delay_seconds': 3.75}, 2: {'drive_db': 12.08}}",0.3464945967068208,0.5
71.mp3,"{1: {'delay_seconds': 4.19}, 0: {'rate_hz': 1.21}, 5: {'wet_level': 0.25}}","{5: {'wet_level': 0.6}, 0: {'rate_hz': 1.46}, 2: {'drive_db': 13.54}}",0.3288983501862693,0.6666666666666666
72.mp3,"{1: {'delay_seconds': 1.23}, 5: {'wet_level': 0.58}, 3: {'gain_db': 8.82}, 0: {'rate_hz': 12.39}}","{4: {'depth': 0.47}, 0: {'rate_hz': 13.75}, 3: {'gain_db': 1.09}}",0.3674659381096642,0.5
73.mp3,"{5: {'wet_level': 0.44}, 4: {'depth': 0.45}, 3: {'gain_db': -3.65}, 1: {'delay_seconds': 2.04}, 0: {'rate_hz': 15.51}, 2: {'drive_db': 12.39}}","{1: {'delay_seconds': 2.67}, 5: {'wet_level': 0.27}}",0.17980480480480482,0.3333333333333333
74.mp3,"{4: {'depth': 0.46}, 3: {'gain_db': -5.36}, 1: {'delay_seconds': 3.44}}","{4: {'depth': 0.39}, 1: {'delay_seconds': 2.5}, 2: {'drive_db': 19.34}}",0.4485077763766288,0.6666666666666666
75.mp3,"{3: {'gain_db': 5.62}, 1: {'delay_seconds': 1.63}, 5: {'wet_level': 0.58}, 2: {'drive_db': 17.34}}","{5: {'wet_level': 0.36}, 0: {'rate_hz': 13.88}, 4: {'depth': 0.25}, 1: {'delay_seconds': 4.96}, 2: {'drive_db': 2.64}}",0.10665785296863027,0.6000000000000001
76.mp3,"{4: {'depth': 0.53}, 0: {'rate_hz': 12.18}, 1: {'delay_seconds': 1.47}, 3: {'gain_db': 2.31}}","{0: {'rate_hz': 14.31}, 4: {'depth': 0.54}, 5: {'wet_level': 0.4}, 2: {'drive_db': 1.21}}",0.44479454653873257,0.5
77.mp3,"{5: {'wet_level': 0.41}, 2: {'drive_db': 6.19}, 0: {'rate_hz': 1.07}, 1: {'delay_seconds': 3.17}, 3: {'gain_db': -3.88}}","{4: {'depth': 0.51}, 1: {'delay_seconds': 3.18}}",0.19907834101382488,0.2
78.mp3,"{2: {'drive_db': 3.65}, 1: {'delay_seconds': 1.98}, 4: {'depth': 0.58}, 0: {'rate_hz': 14.05}, 3: {'gain_db': -5.35}}","{5: {'wet_level': 0.21}, 1: {'delay_seconds': 2.79}, 4: {'depth': 0.35}, 3: {'gain_db': 7.35}, 2: {'drive_db': 8.89}}",0.39573481228429225,0.8
79.mp3,"{0: {'rate_hz': 1.93}, 3: {'gain_db': -1.64}}","{5: {'wet_level': 0.2}, 4: {'depth': 0.55}, 0: {'rate_hz': 2.08}, 2: {'drive_db': 19.99}, 3: {'gain_db': 6.96}}",0.25057346668264124,0.4
80.mp3,"{1: {'delay_seconds': 2.94}, 5: {'wet_level': 0.2}}","{1: {'delay_seconds': 2.88}, 2: {'drive_db': 17.75}, 3: {'gain_db': 3.03}}",0.32362459546925565,0.3333333333333333
81.mp3,{2: {'drive_db': 6.91}},"{2: {'drive_db': 15.68}, 1: {'delay_seconds': 4.21}, 4: {'depth': 0.37}}",0.11000763941940413,0.3333333333333333
82.mp3,"{5: {'wet_level': 0.41}, 3: {'gain_db': -8.45}, 1: {'delay_seconds': 1.74}}","{1: {'delay_seconds': 3.51}, 4: {'depth': 0.45}}",0.1523517382413088,0.3333333333333333
83.mp3,"{3: {'gain_db': -6.06}, 2: {'drive_db': 8.09}, 1: {'delay_seconds': 2.72}, 0: {'rate_hz': 3.08}, 4: {'depth': 0.53}}",{0: {'rate_hz': 2.88}},0.19763593380614658,0.2
84.mp3,"{3: {'gain_db': -6.19}, 4: {'depth': 0.22}, 1: {'delay_seconds': 1.16}, 5: {'wet_level': 0.24}}","{4: {'depth': 0.56}, 2: {'drive_db': 19.52}, 3: {'gain_db': 8.72}}",0.046081076688014005,0.5
85.mp3,"{4: {'depth': 0.2}, 5: {'wet_level': 0.48}}","{0: {'rate_hz': 2.01}, 2: {'drive_db': 8.84}, 4: {'depth': 0.26}, 3: {'gain_db': 8.01}}",0.2125,0.25
86.mp3,"{5: {'wet_level': 0.27}, 2: {'drive_db': 10.04}, 3: {'gain_db': -8.31}, 1: {'delay_seconds': 4.6}}","{1: {'delay_seconds': 4.79}, 0: {'rate_hz': 6.44}, 4: {'depth': 0.44}, 5: {'wet_level': 0.21}}",0.4413510101010101,0.5
87.mp3,"{2: {'drive_db': 18.52}, 1: {'delay_seconds': 3.27}, 5: {'wet_level': 0.3}}","{4: {'depth': 0.49}, 1: {'delay_seconds': 4.23}, 2: {'drive_db': 1.33}, 3: {'gain_db': -3.9}}",0.148982031862893,0.5
88.mp3,"{3: {'gain_db': -6.55}, 0: {'rate_hz': 4.34}}","{3: {'gain_db': 9.55}, 2: {'drive_db': 19.26}, 4: {'depth': 0.31}, 1: {'delay_seconds': 1.03}, 0: {'rate_hz': 12.4}}",0.1025006462864573,0.4
89.mp3,{1: {'delay_seconds': 3.02}},"{2: {'drive_db': 13.4}, 3: {'gain_db': -4.02}, 0: {'rate_hz': 16.12}, 4: {'depth': 0.36}}",0.0,0.0
90.mp3,"{5: {'wet_level': 0.47}, 1: {'delay_seconds': 4.75}, 0: {'rate_hz': 18.46}, 2: {'drive_db': 11.13}}","{4: {'depth': 0.48}, 0: {'rate_hz': 6.2}, 2: {'drive_db': 7.54}, 3: {'gain_db': -1.74}}",0.23585767609846336,0.5
91.mp3,"{5: {'wet_level': 0.3}, 1: {'delay_seconds': 3.38}, 2: {'drive_db': 2.18}}","{5: {'wet_level': 0.23}, 2: {'drive_db': 1.65}, 4: {'depth': 0.59}, 3: {'gain_db': -8.96}, 0: {'rate_hz': 1.49}, 1: {'delay_seconds': 3.66}}",0.4365462907946568,0.5
92.mp3,"{3: {'gain_db': 5.54}, 0: {'rate_hz': 15.65}, 2: {'drive_db': 4.73}, 5: {'wet_level': 0.25}, 1: {'delay_seconds': 4.91}}","{2: {'drive_db': 8.27}, 1: {'delay_seconds': 1.35}, 0: {'rate_hz': 9.27}, 4: {'depth': 0.52}, 5: {'wet_level': 0.58}, 3: {'gain_db': 3.56}}",0.39198696728258925,0.8333333333333333
93.mp3,"{4: {'depth': 0.56}, 3: {'gain_db': -6.16}, 0: {'rate_hz': 11.42}, 1: {'delay_seconds': 1.29}, 5: {'wet_level': 0.39}}","{4: {'depth': 0.54}, 1: {'delay_seconds': 4.78}, 3: {'gain_db': -9.48}, 2: {'drive_db': 5.03}, 0: {'rate_hz': 1.32}}",0.36580165280187477,0.8
94.mp3,"{3: {'gain_db': -8.19}, 1: {'delay_seconds': 2.49}, 5: {'wet_level': 0.28}, 2: {'drive_db': 18.37}}","{1: {'delay_seconds': 2.1}, 2: {'drive_db': 9.19}, 4: {'depth': 0.6}, 0: {'rate_hz': 8.84}, 3: {'gain_db': 7.85}}",0.2868641832105305,0.6000000000000001
95.mp3,"{4: {'depth': 0.57}, 1: {'delay_seconds': 4.26}, 2: {'drive_db': 14.2}, 0: {'rate_hz': 9.29}, 3: {'gain_db': 6.74}}","{5: {'wet_level': 0.41}, 0: {'rate_hz': 4.81}, 1: {'delay_seconds': 4.61}, 2: {'drive_db': 14.17}, 4: {'depth': 0.42}}",0.6133318501073824,0.8
96.mp3,"{1: {'delay_seconds': 1.56}, 0: {'rate_hz': 10.75}, 5: {'wet_level': 0.49}, 4: {'depth': 0.47}, 2: {'drive_db': 18.77}, 3: {'gain_db': -9.91}}","{5: {'wet_level': 0.27}, 0: {'rate_hz': 15.55}, 3: {'gain_db': -2.06}}",0.22579956399731593,0.5
97.mp3,"{5: {'wet_level': 0.22}, 2: {'drive_db': 4.59}, 0: {'rate_hz': 10.11}, 3: {'gain_db': -1.3}, 1: {'delay_seconds': 3.92}}","{0: {'rate_hz': 5.97}, 3: {'gain_db': -8.3}}",0.19238526445770734,0.4
98.mp3,"{5: {'wet_level': 0.42}, 2: {'drive_db': 15.32}, 4: {'depth': 0.24}, 0: {'rate_hz': 14.31}, 1: {'delay_seconds': 4.38}, 3: {'gain_db': -2.05}}","{0: {'rate_hz': 2.71}, 3: {'gain_db': -8.6}, 4: {'depth': 0.35}, 1: {'delay_seconds': 4.24}}",0.3729884487208547,0.6666666666666666
99.mp3,"{2: {'drive_db': 9.59}, 0: {'rate_hz': 7.59}, 5: {'wet_level': 0.47}, 3: {'gain_db': -4.25}, 1: {'delay_seconds': 1.19}, 4: {'depth': 0.56}}","{4: {'depth': 0.31}, 0: {'rate_hz': 5.12}, 5: {'wet_level': 0.54}, 1: {'delay_seconds': 1.68}, 3: {'gain_db': -5.83}, 2: {'drive_db': 6.88}}",0.7245750887544772,0.9999999999999999
100.mp3,"{3: {'gain_db': 3.9}, 5: {'wet_level': 0.47}, 1: {'delay_seconds': 4.11}, 2: {'drive_db': 7.96}, 0: {'rate_hz': 19.78}, 4: {'depth': 0.37}}","{3: {'gain_db': -8.7}, 1: {'delay_seconds': 2.87}, 0: {'rate_hz': 12.45}, 4: {'depth': 0.29}, 2: {'drive_db': 18.33}}",0.34923012437988044,0.8333333333333333
101.mp3,"{3: {'gain_db': 3.52}, 2: {'drive_db': 14.3}, 5: {'wet_level': 0.59}}","{4: {'depth': 0.23}, 0: {'rate_hz': 12.32}, 1: {'delay_seconds': 3.52}, 5: {'wet_level': 0.53}}",0.21153846153846156,0.25
102.mp3,"{4: {'depth': 0.45}, 0: {'rate_hz': 6.06}, 3: {'gain_db': -0.45}, 2: {'drive_db': 3.72}}","{0: {'rate_hz': 6.82}, 5: {'wet_level': 0.32}, 4: {'depth': 0.27}, 1: {'delay_seconds': 2.37}, 3: {'gain_db': -4.51}, 2: {'drive_db': 2.38}}",0.4591090504259726,0.6666666666666666
103.mp3,"{3: {'gain_db': 1.33}, 1: {'delay_seconds': 3.99}}","{4: {'depth': 0.2}, 1: {'delay_seconds': 4.13}, 2: {'drive_db': 16.53}}",0.3177257525083612,0.3333333333333333
104.mp3,"{2: {'drive_db': 8.08}, 3: {'gain_db': -3.14}, 4: {'depth': 0.41}, 1: {'delay_seconds': 4.78}, 5: {'wet_level': 0.54}}","{3: {'gain_db': 9.71}, 5: {'wet_level': 0.35}, 2: {'drive_db': 17.4}, 4: {'depth': 0.41}, 0: {'rate_hz': 11.18}}",0.33627345823561255,0.8
105.mp3,"{4: {'depth': 0.26}, 5: {'wet_level': 0.44}, 2: {'drive_db': 6.52}, 1: {'delay_seconds': 1.29}}","{0: {'rate_hz': 1.5}, 1: {'delay_seconds': 2.67}, 4: {'depth': 0.28}, 2: {'drive_db': 8.72}}",0.6015010169568078,0.75
106.mp3,"{3: {'gain_db': 7.68}, 1: {'delay_seconds': 3.89}, 2: {'drive_db': 15.23}, 0: {'rate_hz': 5.96}, 4: {'depth': 0.39}, 5: {'wet_level': 0.27}}","{1: {'delay_seconds': 1.94}, 4: {'depth': 0.59}, 3: {'gain_db': -2.71}}",0.13086814665534388,0.5
107.mp3,"{1: {'delay_seconds': 3.68}, 4: {'depth': 0.31}, 5: {'wet_level': 0.48}, 3: {'gain_db': 8.06}}","{1: {'delay_seconds': 1.73}, 4: {'depth': 0.45}, 5: {'wet_level': 0.52}, 2: {'drive_db': 3.51}, 0: {'rate_hz': 1.02}}",0.32935445923093887,0.6000000000000001
108.mp3,"{5: {'wet_level': 0.49}, 2: {'drive_db': 6.26}, 0: {'rate_hz': 9.07}, 1: {'delay_seconds': 3.53}, 4: {'depth': 0.4}, 3: {'gain_db': 3.78}}","{2: {'drive_db': 11.09}, 1: {'delay_seconds': 3.47}, 0: {'rate_hz': 8.6}, 4: {'depth': 0.4}, 3: {'gain_db': -9.83}}",0.5990153342785945,0.8333333333333333
109.mp3,{0: {'rate_hz': 16.67}},"{4: {'depth': 0.31}, 5: {'wet_level': 0.25}, 0: {'rate_hz': 12.48}, 2: {'drive_db': 16.97}}",0.183152520740268,0.25
110.mp3,"{2: {'drive_db': 18.6}, 3: {'gain_db': -6.33}, 4: {'depth': 0.49}, 5: {'wet_level': 0.42}}","{3: {'gain_db': 1.52}, 4: {'depth': 0.57}, 5: {'wet_level': 0.47}, 2: {'drive_db': 13.82}}",0.686140986405005,1.0
111.mp3,"{4: {'depth': 0.25}, 3: {'gain_db': -1.5}, 2: {'drive_db': 15.04}}","{4: {'depth': 0.3}, 3: {'gain_db': 8.28}}",0.33556935817805383,0.6666666666666666
112.mp3,"{2: {'drive_db': 16.35}, 1: {'delay_seconds': 3.33}, 0: {'rate_hz': 9.1}, 3: {'gain_db': 7.41}, 4: {'depth': 0.37}, 5: {'wet_level': 0.48}}","{0: {'rate_hz': 5.98}, 2: {'drive_db': 12.83}, 4: {'depth': 0.49}, 5: {'wet_level': 0.2}, 3: {'gain_db': 3.78}}",0.4590342524948775,0.8333333333333333
113.mp3,"{5: {'wet_level': 0.29}, 0: {'rate_hz': 2.51}, 2: {'drive_db': 10.38}, 3: {'gain_db': 2.48}}","{0: {'rate_hz': 4.11}, 4: {'depth': 0.35}, 2: {'drive_db': 12.08}}",0.432950994271749,0.5
114.mp3,"{2: {'drive_db': 8.1}, 4: {'depth': 0.52}, 3: {'gain_db': 6.38}, 5: {'wet_level': 0.25}, 0: {'rate_hz': 7.0}, 1: {'delay_seconds': 4.45}}","{1: {'delay_seconds': 4.7}, 0: {'rate_hz': 10.77}, 4: {'depth': 0.48}}",0.41875603864734295,0.5
115.mp3,"{5: {'wet_level': 0.45}, 3: {'gain_db': -8.93}, 1: {'delay_seconds': 4.14}, 0: {'rate_hz': 14.57}, 4: {'depth': 0.32}, 2: {'drive_db': 3.27}}","{1: {'delay_seconds': 3.49}, 4: {'depth': 0.32}, 0: {'rate_hz': 1.7}, 5: {'wet_level': 0.4}}",0.4407630013126871,0.6666666666666666
116.mp3,{1: {'delay_seconds': 3.42}},"{4: {'depth': 0.23}, 2: {'drive_db': 18.14}, 1: {'delay_seconds': 3.48}}",0.32506887052341593,0.3333333333333333
117.mp3,{3: {'gain_db': -9.61}},{3: {'gain_db': -6.88}},0.8607853136155024,1.0
118.mp3,"{3: {'gain_db': 2.6}, 4: {'depth': 0.28}, 2: {'drive_db': 14.97}, 1: {'delay_seconds': 3.81}}","{5: {'wet_level': 0.44}, 1: {'delay_seconds': 3.83}, 2: {'drive_db': 12.56}, 4: {'depth': 0.54}, 3: {'gain_db': 0.57}}",0.5693517848646467,0.8
119.mp3,"{0: {'rate_hz': 8.01}, 3: {'gain_db': 8.03}, 4: {'depth': 0.48}, 2: {'drive_db': 14.4}, 5: {'wet_level': 0.4}}","{2: {'drive_db': 13.19}, 0: {'rate_hz': 7.22}, 4: {'depth': 0.3}, 1: {'delay_seconds': 4.89}}",0.4401912218960008,0.6000000000000001
120.mp3,"{2: {'drive_db': 6.8}, 5: {'wet_level': 0.59}, 1: {'delay_seconds': 1.52}, 4: {'depth': 0.41}}","{5: {'wet_level': 0.59}, 2: {'drive_db': 19.42}, 0: {'rate_hz': 1.35}, 3: {'gain_db': -9.41}, 4: {'depth': 0.4}}",0.3992640692640693,0.6000000000000001
121.mp3,"{3: {'gain_db': -0.06}, 0: {'rate_hz': 15.21}}","{0: {'rate_hz': 16.38}, 2: {'drive_db': 8.08}, 5: {'wet_level': 0.23}}",0.30588787239033544,0.3333333333333333
122.mp3,"{3: {'gain_db': -1.52}, 4: {'depth': 0.58}}","{4: {'depth': 0.36}, 0: {'rate_hz': 3.31}, 1: {'delay_seconds': 2.74}, 2: {'drive_db': 2.05}, 3: {'gain_db': -9.45}}",0.14653691520467838,0.4
123.mp3,"{4: {'depth': 0.34}, 2: {'drive_db': 3.98}, 5: {'wet_level': 0.26}, 1: {'delay_seconds': 1.22}, 0: {'rate_hz': 1.27}, 3: {'gain_db': 9.76}}","{4: {'depth': 0.4}, 1: {'delay_seconds': 2.02}, 3: {'gain_db': -8.79}}",0.2698042292340538,0.5
124.mp3,{2: {'drive_db': 7.92}},"{2: {'drive_db': 18.4}, 3: {'gain_db': 6.76}}",0.06622516556291397,0.5
125.mp3,"{2: {'drive_db': 5.79}, 5: {'wet_level': 0.48}}","{5: {'wet_level': 0.24}, 4: {'depth': 0.39}, 0: {'rate_hz': 2.28}}",0.047619047619047596,0.3333333333333333
126.mp3,"{5: {'wet_level': 0.32}, 3: {'gain_db': 9.09}, 2: {'drive_db': 17.34}, 0: {'rate_hz': 2.71}, 4: {'depth': 0.36}}","{1: {'delay_seconds': 3.97}, 5: {'wet_level': 0.43}, 3: {'gain_db': 1.7}, 2: {'drive_db': 12.55}}",0.38537670604569463,0.6000000000000001
127.mp3,"{1: {'delay_seconds': 4.99}, 4: {'depth': 0.35}, 0: {'rate_hz': 14.64}}","{0: {'rate_hz': 18.15}, 4: {'depth': 0.28}, 1: {'delay_seconds': 2.01}, 3: {'gain_db': -9.59}}",0.42895036344527016,0.75
128.mp3,{2: {'drive_db': 16.42}},"{0: {'rate_hz': 3.12}, 1: {'delay_seconds': 1.67}, 2: {'drive_db': 17.05}}",0.31971465629053175,0.3333333333333333
129.mp3,"{4: {'depth': 0.52}, 3: {'gain_db': -1.32}, 5: {'wet_level': 0.22}, 0: {'rate_hz': 2.9}}","{4: {'depth': 0.57}, 0: {'rate_hz': 8.26}, 3: {'gain_db': 9.74}}",0.3883169763705495,0.75
130.mp3,"{5: {'wet_level': 0.38}, 4: {'depth': 0.41}, 3: {'gain_db': 0.53}, 0: {'rate_hz': 14.85}, 2: {'drive_db': 19.77}, 1: {'delay_seconds': 4.56}}","{5: {'wet_level': 0.53}, 0: {'rate_hz': 3.25}, 1: {'delay_seconds': 2.35}, 4: {'depth': 0.46}}",0.2702924894798094,0.6666666666666666
131.mp3,"{0: {'rate_hz': 2.87}, 5: {'wet_level': 0.47}, 4: {'depth': 0.24}, 3: {'gain_db': 2.51}, 2: {'drive_db': 18.36}, 1: {'delay_seconds': 2.39}}","{2: {'drive_db': 9.96}, 1: {'delay_seconds': 1.68}, 4: {'depth': 0.57}, 5: {'wet_level': 0.43}, 3: {'gain_db': -3.12}, 0: {'rate_hz': 1.75}}",0.6106435379942929,0.9999999999999999
132.mp3,"{1: {'delay_seconds': 3.03}, 0: {'rate_hz': 6.4}, 4: {'depth': 0.25}, 5: {'wet_level': 0.57}, 3: {'gain_db': 4.16}, 2: {'drive_db': 5.76}}","{4: {'depth': 0.51}, 1: {'delay_seconds': 1.61}, 5: {'wet_level': 0.6}, 0: {'rate_hz': 2.51}, 2: {'drive_db': 12.45}}",0.4534536007246653,0.8333333333333333
133.mp3,"{5: {'wet_level': 0.52}, 0: {'rate_hz': 13.9}, 2: {'drive_db': 15.22}, 4: {'depth': 0.55}, 3: {'gain_db': -0.43}, 1: {'delay_seconds': 3.0}}","{2: {'drive_db': 13.24}, 4: {'depth': 0.35}, 1: {'delay_seconds': 2.15}}",0.31072182037371904,0.5
134.mp3,"{2: {'drive_db': 12.61}, 4: {'depth': 0.31}}","{0: {'rate_hz': 2.28}, 2: {'drive_db': 4.29}, 4: {'depth': 0.3}}",0.4162978803449265,0.6666666666666666
135.mp3,{1: {'delay_seconds': 4.01}},"{4: {'depth': 0.33}, 2: {'drive_db': 11.41}}",0.0,0.0
136.mp3,"{1: {'delay_seconds': 2.31}, 4: {'depth': 0.44}}","{5: {'wet_level': 0.51}, 4: {'depth': 0.44}, 1: {'delay_seconds': 3.5}, 0: {'rate_hz': 12.85}}",0.38940520446096655,0.5
137.mp3,"{5: {'wet_level': 0.2}, 1: {'delay_seconds': 3.35}, 0: {'rate_hz': 5.74}, 4: {'depth': 0.38}}","{1: {'delay_seconds': 1.45}, 5: {'wet_level': 0.59}, 4: {'depth': 0.38}, 3: {'gain_db': -5.19}, 0: {'rate_hz': 5.98}}",0.4399318134343947,0.8
138.mp3,{5: {'wet_level': 0.42}},"{5: {'wet_level': 0.26}, 2: {'drive_db': 19.22}}",0.13636363636363635,0.5
139.mp3,"{1: {'delay_seconds': 1.25}, 3: {'gain_db': -8.96}, 5: {'wet_level': 0.33}, 4: {'depth': 0.26}, 0: {'rate_hz': 14.63}, 2: {'drive_db': 19.11}}","{4: {'depth': 0.22}, 5: {'wet_level': 0.3}, 3: {'gain_db': -9.08}, 1: {'delay_seconds': 3.97}}",0.5065965638013292,0.6666666666666666
140.mp3,"{3: {'gain_db': -2.9}, 2: {'drive_db': 14.52}, 0: {'rate_hz': 1.84}, 4: {'depth': 0.44}, 5: {'wet_level': 0.45}}","{0: {'rate_hz': 1.84}, 1: {'delay_seconds': 4.36}, 2: {'drive_db': 8.8}}",0.31538461538461543,0.4
141.mp3,"{0: {'rate_hz': 19.43}, 3: {'gain_db': 7.59}, 4: {'depth': 0.57}}","{0: {'rate_hz': 3.8}, 3: {'gain_db': 7.97}, 4: {'depth': 0.58}}",0.7010986655388888,1.0
142.mp3,"{0: {'rate_hz': 9.16}, 2: {'drive_db': 17.25}, 3: {'gain_db': -3.13}, 4: {'depth': 0.36}, 1: {'delay_seconds': 2.61}, 5: {'wet_level': 0.56}}","{3: {'gain_db': -8.63}, 0: {'rate_hz': 14.66}, 1: {'delay_seconds': 1.4}}",0.261242622153538,0.5
143.mp3,"{3: {'gain_db': -3.52}, 2: {'drive_db': 10.35}, 5: {'wet_level': 0.51}, 1: {'delay_seconds': 2.73}}","{0: {'rate_hz': 1.22}, 5: {'wet_level': 0.26}, 1: {'delay_seconds': 3.61}, 4: {'depth': 0.22}, 2: {'drive_db': 13.23}, 3: {'gain_db': -4.26}}",0.40878397753221923,0.6666666666666666
144.mp3,"{0: {'rate_hz': 7.28}, 1: {'delay_seconds': 3.86}, 3: {'gain_db': 2.71}, 4: {'depth': 0.35}, 2: {'drive_db': 10.35}, 5: {'wet_level': 0.27}}","{1: {'delay_seconds': 3.01}, 3: {'gain_db': -9.4}, 0: {'rate_hz': 6.51}}",0.281578255880729,0.5
145.mp3,"{5: {'wet_level': 0.46}, 0: {'rate_hz': 18.52}, 2: {'drive_db': 8.62}, 3: {'gain_db': -3.14}, 4: {'depth': 0.46}}","{0: {'rate_hz': 19.55}, 1: {'delay_seconds': 1.98}, 4: {'depth': 0.27}, 3: {'gain_db': -10.0}, 5: {'wet_level': 0.38}}",0.4761356983959724,0.8
146.mp3,"{2: {'drive_db': 15.25}, 4: {'depth': 0.24}, 0: {'rate_hz': 3.43}, 1: {'delay_seconds': 3.37}}","{4: {'depth': 0.36}, 1: {'delay_seconds': 4.32}, 2: {'drive_db': 15.23}}",0.5661048190095492,0.75
147.mp3,"{5: {'wet_level': 0.32}, 1: {'delay_seconds': 1.69}, 0: {'rate_hz': 6.42}, 4: {'depth': 0.45}, 3: {'gain_db': 9.32}}","{4: {'depth': 0.4}, 1: {'delay_seconds': 3.33}, 0: {'rate_hz': 6.01}, 3: {'gain_db': -6.71}}",0.488926023820067,0.8
148.mp3,"{3: {'gain_db': -3.29}, 4: {'depth': 0.53}, 5: {'wet_level': 0.49}, 1: {'delay_seconds': 1.67}, 2: {'drive_db': 16.94}, 0: {'rate_hz': 15.52}}","{4: {'depth': 0.38}, 3: {'gain_db': 9.88}, 0: {'rate_hz': 7.49}, 1: {'delay_seconds': 1.08}}",0.3040460684365876,0.6666666666666666
149.mp3,{1: {'delay_seconds': 3.31}},"{4: {'depth': 0.45}, 3: {'gain_db': -9.83}, 2: {'drive_db': 14.66}, 1: {'delay_seconds': 3.3}}",0.2489177489177489,0.25
150.mp3,{1: {'delay_seconds': 1.63}},"{3: {'gain_db': -3.43}, 4: {'depth': 0.44}}",0.0,0.0
151.mp3,"{0: {'rate_hz': 13.36}, 2: {'drive_db': 19.5}, 4: {'depth': 0.56}, 5: {'wet_level': 0.21}}","{5: {'wet_level': 0.58}, 0: {'rate_hz': 4.63}, 1: {'delay_seconds': 1.14}, 4: {'depth': 0.59}, 3: {'gain_db': -1.27}}",0.2523276076674136,0.6000000000000001
152.mp3,"{3: {'gain_db': 5.05}, 5: {'wet_level': 0.45}}","{3: {'gain_db': 6.78}, 2: {'drive_db': 18.38}, 4: {'depth': 0.53}, 0: {'rate_hz': 4.46}}",0.2212624584717608,0.25
153.mp3,"{2: {'drive_db': 17.85}, 3: {'gain_db': 6.45}, 5: {'wet_level': 0.5}}","{1: {'delay_seconds': 4.06}, 5: {'wet_level': 0.28}, 3: {'gain_db': -6.34}}",0.16305302262749072,0.6666666666666666
154.mp3,"{5: {'wet_level': 0.51}, 2: {'drive_db': 7.95}, 0: {'rate_hz': 2.48}, 4: {'depth': 0.3}, 1: {'delay_seconds': 3.45}}","{4: {'depth': 0.39}, 1: {'delay_seconds': 1.07}, 2: {'drive_db': 19.97}, 3: {'gain_db': -7.54}, 0: {'rate_hz': 9.63}}",0.264591206459279,0.8
155.mp3,"{5: {'wet_level': 0.23}, 3: {'gain_db': 9.37}, 4: {'depth': 0.31}, 1: {'delay_seconds': 3.08}}","{5: {'wet_level': 0.34}, 3: {'gain_db': 9.26}, 4: {'depth': 0.51}, 2: {'drive_db': 19.87}}",0.5018421613538484,0.75
156.mp3,"{0: {'rate_hz': 15.65}, 4: {'depth': 0.47}, 1: {'delay_seconds': 4.52}}","{4: {'depth': 0.48}, 0: {'rate_hz': 14.07}, 1: {'delay_seconds': 4.41}, 2: {'drive_db': 17.97}, 5: {'wet_level': 0.34}}",0.5647726267222855,0.6000000000000001
157.mp3,"{5: {'wet_level': 0.26}, 2: {'drive_db': 2.23}, 0: {'rate_hz': 15.98}, 1: {'delay_seconds': 4.07}, 3: {'gain_db': 6.26}, 4: {'depth': 0.59}}","{2: {'drive_db': 10.39}, 5: {'wet_level': 0.56}, 4: {'depth': 0.59}, 3: {'gain_db': -3.3}}",0.3450833798284687,0.6666666666666666
158.mp3,"{2: {'drive_db': 4.76}, 4: {'depth': 0.52}, 5: {'wet_level': 0.32}, 0: {'rate_hz': 5.76}}","{1: {'delay_seconds': 1.31}, 2: {'drive_db': 18.81}, 5: {'wet_level': 0.43}, 4: {'depth': 0.55}, 0: {'rate_hz': 7.51}, 3: {'gain_db': -3.63}}",0.4114305980362005,0.6666666666666666
159.mp3,"{4: {'depth': 0.36}, 0: {'rate_hz': 2.59}, 3: {'gain_db': 1.79}, 5: {'wet_level': 0.42}}","{5: {'wet_level': 0.57}, 1: {'delay_seconds': 3.26}}",0.07954545454545456,0.25
160.mp3,"{2: {'drive_db': 7.49}, 5: {'wet_level': 0.31}}","{4: {'depth': 0.32}, 1: {'delay_seconds': 2.66}, 0: {'rate_hz': 11.64}, 2: {'drive_db': 3.36}, 3: {'gain_db': -4.27}}",0.1339728217426059,0.2
161.mp3,"{2: {'drive_db': 19.6}, 0: {'rate_hz': 9.48}, 4: {'depth': 0.35}, 5: {'wet_level': 0.27}, 3: {'gain_db': 7.3}}","{4: {'depth': 0.39}, 0: {'rate_hz': 3.95}, 1: {'delay_seconds': 4.84}, 5: {'wet_level': 0.28}, 2: {'drive_db': 9.74}, 3: {'gain_db': -4.0}}",0.5167908088040434,0.8333333333333333
162.mp3,"{2: {'drive_db': 13.06}, 0: {'rate_hz': 12.15}, 1: {'delay_seconds': 4.15}, 4: {'depth': 0.22}, 5: {'wet_level': 0.37}, 3: {'gain_db': -1.65}}","{1: {'delay_seconds': 1.04}, 4: {'depth': 0.2}, 0: {'rate_hz': 3.46}, 3: {'gain_db': -1.51}, 5: {'wet_level': 0.55}, 2: {'drive_db': 14.93}}",0.5385017883816223,0.9999999999999999
163.mp3,"{2: {'drive_db': 3.56}, 4: {'depth': 0.44}, 5: {'wet_level': 0.45}, 0: {'rate_hz': 2.53}}","{3: {'gain_db': 6.29}, 2: {'drive_db': 15.78}, 5: {'wet_level': 0.43}}",0.2941727493917275,0.5
164.mp3,"{3: {'gain_db': 5.77}, 2: {'drive_db': 6.58}, 4: {'depth': 0.22}, 1: {'delay_seconds': 2.56}, 5: {'wet_level': 0.21}}","{4: {'depth': 0.47}, 1: {'delay_seconds': 1.87}, 2: {'drive_db': 19.21}, 3: {'gain_db': -1.26}}",0.3344805215055846,0.8
165.mp3,"{2: {'drive_db': 16.3}, 0: {'rate_hz': 9.46}, 1: {'delay_seconds': 3.69}}","{1: {'delay_seconds': 3.75}, 5: {'wet_level': 0.21}, 2: {'drive_db': 9.75}, 3: {'gain_db': 4.59}, 0: {'rate_hz': 8.72}}",0.495876372694019,0.6000000000000001
166.mp3,{5: {'wet_level': 0.34}},"{5: {'wet_level': 0.4}, 0: {'rate_hz': 2.04}, 3: {'gain_db': 1.03}, 2: {'drive_db': 12.57}}",0.1923076923076923,0.25
167.mp3,"{2: {'drive_db': 14.34}, 3: {'gain_db': 3.49}, 0: {'rate_hz': 3.56}}","{1: {'delay_seconds': 2.32}, 0: {'rate_hz': 1.02}, 3: {'gain_db': 4.3}}",0.595151435354776,0.6666666666666666
168.mp3,"{1: {'delay_seconds': 4.86}, 0: {'rate_hz': 8.69}}","{4: {'depth': 0.34}, 3: {'gain_db': -3.66}, 5: {'wet_level': 0.26}, 0: {'rate_hz': 8.77}, 2: {'drive_db': 19.56}}",0.19858532272325377,0.2
169.mp3,"{5: {'wet_level': 0.28}, 0: {'rate_hz': 17.75}, 3: {'gain_db': 6.83}, 1: {'delay_seconds': 1.91}, 2: {'drive_db': 18.96}, 4: {'depth': 0.25}}","{1: {'delay_seconds': 1.69}, 0: {'rate_hz': 11.99}, 4: {'depth': 0.54}, 5: {'wet_level': 0.35}, 3: {'gain_db': 4.21}}",0.5636543620736502,0.8333333333333333
170.mp3,"{1: {'delay_seconds': 3.07}, 4: {'depth': 0.24}, 5: {'wet_level': 0.4}, 2: {'drive_db': 6.01}, 3: {'gain_db': 4.82}}","{4: {'depth': 0.52}, 5: {'wet_level': 0.46}, 3: {'gain_db': -1.66}}",0.2969950517318938,0.6000000000000001
171.mp3,"{0: {'rate_hz': 7.18}, 1: {'delay_seconds': 1.99}, 3: {'gain_db': 5.36}, 5: {'wet_level': 0.56}}","{4: {'depth': 0.37}, 1: {'delay_seconds': 1.49}, 5: {'wet_level': 0.56}, 0: {'rate_hz': 6.07}}",0.6868258949627088,0.75
172.mp3,"{2: {'drive_db': 10.06}, 4: {'depth': 0.52}}","{4: {'depth': 0.54}, 0: {'rate_hz': 2.18}, 2: {'drive_db': 15.72}}",0.4560278336686787,0.6666666666666666
173.mp3,"{5: {'wet_level': 0.51}, 2: {'drive_db': 3.47}}","{1: {'delay_seconds': 4.89}, 4: {'depth': 0.41}, 3: {'gain_db': -9.02}, 5: {'wet_level': 0.28}, 2: {'drive_db': 3.65}}",0.24943504478660505,0.4
174.mp3,"{0: {'rate_hz': 15.15}, 5: {'wet_level': 0.41}, 2: {'drive_db': 2.55}, 3: {'gain_db': 6.19}, 1: {'delay_seconds': 3.83}}","{1: {'delay_seconds': 3.89}, 4: {'depth': 0.43}, 3: {'gain_db': 3.2}, 5: {'wet_level': 0.38}}",0.5302519082612802,0.6000000000000001
175.mp3,"{2: {'drive_db': 17.96}, 1: {'delay_seconds': 3.37}}","{4: {'depth': 0.29}, 1: {'delay_seconds': 3.39}, 3: {'gain_db': 5.64}, 2: {'drive_db': 17.12}}",0.4855082198869517,0.5
176.mp3,"{1: {'delay_seconds': 4.0}, 5: {'wet_level': 0.33}, 3: {'gain_db': 1.88}}","{3: {'gain_db': 9.83}, 2: {'drive_db': 9.34}, 4: {'depth': 0.56}, 1: {'delay_seconds': 2.21}, 0: {'rate_hz': 7.62}}",0.1468282828282828,0.4
177.mp3,"{5: {'wet_level': 0.36}, 0: {'rate_hz': 15.46}, 1: {'delay_seconds': 2.71}, 3: {'gain_db': -1.6}}","{0: {'rate_hz': 15.07}, 5: {'wet_level': 0.22}, 4: {'depth': 0.47}, 1: {'delay_seconds': 4.85}, 2: {'drive_db': 12.4}}",0.2910395791431868,0.6000000000000001
178.mp3,{2: {'drive_db': 2.46}},"{2: {'drive_db': 19.97}, 3: {'gain_db': 6.77}}",0.0008551881413911278,0.5
179.mp3,"{0: {'rate_hz': 17.58}, 3: {'gain_db': -8.0}, 1: {'delay_seconds': 1.64}, 5: {'wet_level': 0.25}, 2: {'drive_db': 18.38}}","{3: {'gain_db': -8.73}, 0: {'rate_hz': 3.09}}",0.2170999865969709,0.4
180.mp3,"{2: {'drive_db': 12.68}, 3: {'gain_db': -9.9}, 4: {'depth': 0.51}, 5: {'wet_level': 0.24}}","{0: {'rate_hz': 12.1}, 1: {'delay_seconds': 3.27}, 5: {'wet_level': 0.38}, 3: {'gain_db': 1.03}, 2: {'drive_db': 13.57}}",0.39713324996366917,0.6000000000000001
181.mp3,"{1: {'delay_seconds': 4.17}, 0: {'rate_hz': 12.4}}","{4: {'depth': 0.39}, 0: {'rate_hz': 10.26}, 3: {'gain_db': -6.12}, 1: {'delay_seconds': 3.19}, 5: {'wet_level': 0.26}}",0.30062648735403175,0.4
182.mp3,"{2: {'drive_db': 3.73}, 5: {'wet_level': 0.31}, 4: {'depth': 0.29}, 1: {'delay_seconds': 1.86}, 3: {'gain_db': -2.46}, 0: {'rate_hz': 19.12}}","{2: {'drive_db': 1.9}, 4: {'depth': 0.52}, 0: {'rate_hz': 10.39}}",0.2772999142024095,0.5
183.mp3,"{4: {'depth': 0.56}, 5: {'wet_level': 0.47}}","{5: {'wet_level': 0.28}, 4: {'depth': 0.41}, 1: {'delay_seconds': 3.38}, 0: {'rate_hz': 1.02}, 3: {'gain_db': 5.97}, 2: {'drive_db': 17.25}}",0.14660493827160492,0.3333333333333333
184.mp3,"{5: {'wet_level': 0.38}, 2: {'drive_db': 6.74}}","{5: {'wet_level': 0.58}, 4: {'depth': 0.37}, 1: {'delay_seconds': 2.02}, 2: {'drive_db': 8.05}}",0.24802893185246128,0.5
185.mp3,"{1: {'delay_seconds': 1.65}, 5: {'wet_level': 0.55}}","{3: {'gain_db': 0.77}, 4: {'depth': 0.59}, 0: {'rate_hz': 3.39}, 2: {'drive_db': 5.48}}",0.0,0.0
186.mp3,"{4: {'depth': 0.53}, 0: {'rate_hz': 5.65}, 1: {'delay_seconds': 3.81}, 2: {'drive_db': 17.15}, 3: {'gain_db': -2.5}}","{1: {'delay_seconds': 2.91}, 0: {'rate_hz': 1.16}, 2: {'drive_db': 7.79}}",0.35745135059217864,0.6000000000000001
187.mp3,"{0: {'rate_hz': 18.91}, 3: {'gain_db': -2.85}, 2: {'drive_db': 9.59}}","{1: {'delay_seconds': 2.65}, 0: {'rate_hz': 19.14}, 4: {'depth': 0.43}}",0.3290526707612135,0.3333333333333333
188.mp3,"{2: {'drive_db': 10.83}, 0: {'rate_hz': 4.13}, 1: {'delay_seconds': 1.78}}","{1: {'delay_seconds': 2.78}, 3: {'gain_db': -9.38}, 2: {'drive_db': 11.53}, 5: {'wet_level': 0.29}, 0: {'rate_hz': 4.62}}",0.5174709095033245,0.6000000000000001
189.mp3,"{4: {'depth': 0.46}, 0: {'rate_hz': 18.57}, 3: {'gain_db': -6.8}, 1: {'delay_seconds': 1.08}, 5: {'wet_level': 0.21}}","{4: {'depth': 0.2}, 3: {'gain_db': -5.02}, 0: {'rate_hz': 15.35}, 2: {'drive_db': 5.51}}",0.34215613735534056,0.6000000000000001
190.mp3,"{3: {'gain_db': -9.96}, 4: {'depth': 0.43}, 1: {'delay_seconds': 2.24}, 0: {'rate_hz': 19.23}, 2: {'drive_db': 18.88}, 5: {'wet_level': 0.4}}","{4: {'depth': 0.42}, 1: {'delay_seconds': 2.98}, 3: {'gain_db': -5.71}}",0.41257999089967373,0.5
191.mp3,{0: {'rate_hz': 7.12}},"{5: {'wet_level': 0.42}, 0: {'rate_hz': 3.33}, 4: {'depth': 0.38}, 1: {'delay_seconds': 1.41}}",0.17643633540372672,0.25
192.mp3,"{0: {'rate_hz': 2.66}, 2: {'drive_db': 9.52}, 5: {'wet_level': 0.54}, 1: {'delay_seconds': 3.96}}","{0: {'rate_hz': 13.42}, 1: {'delay_seconds': 4.55}, 4: {'depth': 0.46}, 3: {'gain_db': -8.89}, 5: {'wet_level': 0.37}}",0.33602902210168645,0.6000000000000001
193.mp3,"{4: {'depth': 0.32}, 3: {'gain_db': -9.56}, 1: {'delay_seconds': 3.48}}","{5: {'wet_level': 0.51}, 4: {'depth': 0.23}, 2: {'drive_db': 3.03}, 1: {'delay_seconds': 4.16}}",0.35109447004608296,0.5
194.mp3,"{2: {'drive_db': 9.98}, 5: {'wet_level': 0.58}, 1: {'delay_seconds': 1.82}, 0: {'rate_hz': 3.34}, 3: {'gain_db': 7.41}, 4: {'depth': 0.35}}","{1: {'delay_seconds': 2.59}, 4: {'depth': 0.44}, 0: {'rate_hz': 3.7}}",0.39604216529379044,0.5
195.mp3,"{3: {'gain_db': 5.82}, 0: {'rate_hz': 18.17}, 4: {'depth': 0.56}, 5: {'wet_level': 0.48}}","{4: {'depth': 0.48}, 3: {'gain_db': -5.47}, 0: {'rate_hz': 18.03}}",0.5139926045478794,0.75
196.mp3,{1: {'delay_seconds': 4.35}},"{2: {'drive_db': 18.98}, 5: {'wet_level': 0.28}, 3: {'gain_db': 9.21}}",0.0,0.0
197.mp3,"{5: {'wet_level': 0.43}, 0: {'rate_hz': 11.5}, 1: {'delay_seconds': 2.35}, 4: {'depth': 0.56}, 3: {'gain_db': -0.61}}","{5: {'wet_level': 0.3}, 0: {'rate_hz': 4.14}, 1: {'delay_seconds': 1.92}, 2: {'drive_db': 9.86}, 3: {'gain_db': -6.32}, 4: {'depth': 0.54}}",0.4963064974929661,0.8333333333333333
198.mp3,"{1: {'delay_seconds': 1.42}, 5: {'wet_level': 0.47}, 2: {'drive_db': 10.15}, 3: {'gain_db': -8.41}, 0: {'rate_hz': 19.89}, 4: {'depth': 0.42}}","{1: {'delay_seconds': 3.07}, 0: {'rate_hz': 2.01}, 3: {'gain_db': 3.56}}",0.1570639123790897,0.5
199.mp3,{3: {'gain_db': 5.88}},"{1: {'delay_seconds': 3.32}, 2: {'drive_db': 13.29}}",0.0,0.0
