audio_name,applied_effects,GA_effects,similarity_indv,best_fit,similarity_indv_effects_only
0.mp3,"{2: {'drive_db': 6.59}, 4: {'depth': 0.32}, 5: {'wet_level': 0.57}, 1: {'delay_seconds': 3.48}}","{5: {'wet_level': 0.22}, 4: {'depth': 0.49}}",0.11172779922779921,24.9092747366728,0.5
1.mp3,"{2: {'drive_db': 12.68}, 5: {'wet_level': 0.38}, 4: {'depth': 0.29}, 0: {'rate_hz': 9.49}}","{3: {'gain_db': -7.52}, 5: {'wet_level': 0.52}, 4: {'depth': 0.29}, 1: {'delay_seconds': 2.7}, 0: {'rate_hz': 7.03}}",0.4259147132600986,5.942400261888988,0.6000000000000001
2.mp3,"{0: {'rate_hz': 15.02}, 4: {'depth': 0.36}}","{4: {'depth': 0.34}, 0: {'rate_hz': 14.89}}",0.9536970993818357,6.58101452752541,1.0
3.mp3,"{1: {'delay_seconds': 2.26}, 2: {'drive_db': 14.18}, 5: {'wet_level': 0.38}, 0: {'rate_hz': 4.11}}","{1: {'delay_seconds': 2.35}, 5: {'wet_level': 0.44}, 0: {'rate_hz': 4.74}, 2: {'drive_db': 18.99}, 3: {'gain_db': -2.71}}",0.6579663091251299,4.761258182014666,0.8
4.mp3,"{1: {'delay_seconds': 3.99}, 4: {'depth': 0.26}, 3: {'gain_db': 2.76}, 0: {'rate_hz': 2.55}, 5: {'wet_level': 0.54}}","{0: {'rate_hz': 4.06}, 1: {'delay_seconds': 4.16}, 5: {'wet_level': 0.25}, 3: {'gain_db': -5.89}}",0.46515399968573357,20.20695774124981,0.8
5.mp3,"{2: {'drive_db': 4.27}, 0: {'rate_hz': 6.09}, 3: {'gain_db': -3.47}}","{0: {'rate_hz': 2.43}, 3: {'gain_db': -3.06}}",0.5688139773646508,0.4278568243779651,0.6666666666666666
6.mp3,"{0: {'rate_hz': 8.77}, 3: {'gain_db': 0.93}, 1: {'delay_seconds': 1.33}, 4: {'depth': 0.41}, 5: {'wet_level': 0.26}, 2: {'drive_db': 18.85}}","{4: {'depth': 0.56}, 1: {'delay_seconds': 1.7}, 0: {'rate_hz': 4.87}, 5: {'wet_level': 0.26}}",0.47293546441168244,0.5588601627682607,0.6666666666666666
7.mp3,"{5: {'wet_level': 0.54}, 3: {'gain_db': 1.59}, 0: {'rate_hz': 2.18}, 2: {'drive_db': 6.77}}","{5: {'wet_level': 0.27}, 0: {'rate_hz': 2.59}, 3: {'gain_db': -9.87}}",0.298522765651291,5.769038266827555,0.75
8.mp3,"{0: {'rate_hz': 2.45}, 4: {'depth': 0.24}, 5: {'wet_level': 0.3}, 3: {'gain_db': 2.38}}","{0: {'rate_hz': 2.96}, 4: {'depth': 0.28}, 5: {'wet_level': 0.22}, 3: {'gain_db': -5.74}, 2: {'drive_db': 19.35}}",0.5874531571462105,8.272389431992634,0.8
9.mp3,{3: {'gain_db': 8.18}},{3: {'gain_db': -6.55}},0.18976897689768968,0.0540818328158106,1.0
10.mp3,"{2: {'drive_db': 6.59}, 0: {'rate_hz': 18.59}}",{0: {'rate_hz': 17.79}},0.477259806708357,0.9932792508722356,0.5
11.mp3,"{5: {'wet_level': 0.3}, 0: {'rate_hz': 4.78}, 4: {'depth': 0.22}, 2: {'drive_db': 18.85}, 3: {'gain_db': -5.75}, 1: {'delay_seconds': 1.46}}","{5: {'wet_level': 0.23}, 1: {'delay_seconds': 1.94}, 4: {'depth': 0.22}, 0: {'rate_hz': 1.93}, 2: {'drive_db': 7.02}}",0.6301791224370398,5.807308813671271,0.8333333333333333
12.mp3,"{5: {'wet_level': 0.4}, 3: {'gain_db': -3.81}}","{5: {'wet_level': 0.4}, 3: {'gain_db': 1.8}, 2: {'drive_db': 5.36}}",0.5312575428433501,1.5023086015082476,0.6666666666666666
13.mp3,"{4: {'depth': 0.37}, 2: {'drive_db': 17.28}, 1: {'delay_seconds': 1.2}, 0: {'rate_hz': 9.86}, 3: {'gain_db': -3.47}}","{2: {'drive_db': 18.9}, 0: {'rate_hz': 7.76}, 4: {'depth': 0.35}, 3: {'gain_db': -6.13}, 1: {'delay_seconds': 2.72}}",0.8017916829454919,1.743299053383359,1.0
14.mp3,"{1: {'delay_seconds': 4.19}, 5: {'wet_level': 0.59}, 0: {'rate_hz': 15.15}, 2: {'drive_db': 15.43}, 3: {'gain_db': -1.14}}","{0: {'rate_hz': 16.61}, 3: {'gain_db': -0.73}, 5: {'wet_level': 0.57}}",0.5617466855813374,0.4300937048786897,0.6000000000000001
15.mp3,"{4: {'depth': 0.23}, 1: {'delay_seconds': 2.75}, 3: {'gain_db': -2.59}, 2: {'drive_db': 2.67}, 5: {'wet_level': 0.6}}","{4: {'depth': 0.23}, 2: {'drive_db': 1.92}, 5: {'wet_level': 0.54}, 1: {'delay_seconds': 2.78}}",0.7586778226582035,5.637058345968615,0.8
16.mp3,"{3: {'gain_db': 0.22}, 1: {'delay_seconds': 2.95}, 2: {'drive_db': 17.73}, 5: {'wet_level': 0.42}, 4: {'depth': 0.22}, 0: {'rate_hz': 12.71}}","{5: {'wet_level': 0.26}, 0: {'rate_hz': 12.57}, 1: {'delay_seconds': 3.26}, 4: {'depth': 0.58}, 3: {'gain_db': -5.53}, 2: {'drive_db': 6.42}}",0.48725505914720413,6.011304115148151,0.9999999999999999
17.mp3,"{3: {'gain_db': 3.24}, 4: {'depth': 0.52}, 5: {'wet_level': 0.35}, 2: {'drive_db': 19.54}, 1: {'delay_seconds': 1.2}}","{4: {'depth': 0.59}, 1: {'delay_seconds': 1.21}, 3: {'gain_db': 3.82}}",0.5469623549053905,17.099968329137404,0.6000000000000001
18.mp3,"{3: {'gain_db': -1.54}, 1: {'delay_seconds': 1.88}, 5: {'wet_level': 0.44}}","{5: {'wet_level': 0.44}, 1: {'delay_seconds': 1.88}}",0.6666666666666666,0.1142589334031008,0.6666666666666666
19.mp3,"{5: {'wet_level': 0.52}, 4: {'depth': 0.48}, 3: {'gain_db': 2.58}, 1: {'delay_seconds': 3.55}, 0: {'rate_hz': 19.65}, 2: {'drive_db': 8.38}}","{5: {'wet_level': 0.58}, 4: {'depth': 0.45}, 1: {'delay_seconds': 3.65}, 0: {'rate_hz': 18.04}, 3: {'gain_db': 5.49}, 2: {'drive_db': 14.84}}",0.7987594643533213,5.295006443528812,0.9999999999999999
20.mp3,"{3: {'gain_db': -2.52}, 5: {'wet_level': 0.39}, 2: {'drive_db': 18.83}, 1: {'delay_seconds': 3.12}, 4: {'depth': 0.34}}","{5: {'wet_level': 0.4}, 1: {'delay_seconds': 3.12}, 3: {'gain_db': 5.96}, 4: {'depth': 0.29}, 2: {'drive_db': 6.22}}",0.675104393789562,6.122653575850035,1.0
21.mp3,"{0: {'rate_hz': 8.56}, 1: {'delay_seconds': 1.93}, 5: {'wet_level': 0.34}, 4: {'depth': 0.2}}","{4: {'depth': 0.26}, 2: {'drive_db': 14.94}, 5: {'wet_level': 0.28}}",0.4048076923076923,0.407357988093901,0.5
22.mp3,"{2: {'drive_db': 13.19}, 4: {'depth': 0.2}, 3: {'gain_db': -1.66}, 0: {'rate_hz': 9.73}, 5: {'wet_level': 0.2}, 1: {'delay_seconds': 4.35}}","{5: {'wet_level': 0.22}, 4: {'depth': 0.21}, 1: {'delay_seconds': 4.41}, 0: {'rate_hz': 10.72}, 2: {'drive_db': 6.2}, 3: {'gain_db': -5.21}}",0.8221352917704604,15.711041418508238,0.9999999999999999
23.mp3,"{3: {'gain_db': -5.9}, 2: {'drive_db': 4.7}, 5: {'wet_level': 0.2}, 1: {'delay_seconds': 2.64}, 0: {'rate_hz': 18.15}}","{4: {'depth': 0.34}, 0: {'rate_hz': 14.22}, 1: {'delay_seconds': 2.61}, 3: {'gain_db': 6.68}}",0.3933877296178648,0.6743130089358915,0.6000000000000001
24.mp3,{4: {'depth': 0.42}},{4: {'depth': 0.46}},0.818181818181818,4.271261318530514,1.0
25.mp3,"{4: {'depth': 0.49}, 5: {'wet_level': 0.54}, 1: {'delay_seconds': 4.04}, 3: {'gain_db': -5.07}, 0: {'rate_hz': 5.52}, 2: {'drive_db': 2.07}}","{1: {'delay_seconds': 3.92}, 4: {'depth': 0.48}, 5: {'wet_level': 0.46}, 0: {'rate_hz': 5.54}, 2: {'drive_db': 7.01}}",0.7356420548173856,12.663351015941316,0.8333333333333333
26.mp3,"{4: {'depth': 0.23}, 3: {'gain_db': -7.1}, 5: {'wet_level': 0.44}, 0: {'rate_hz': 14.75}, 2: {'drive_db': 16.59}, 1: {'delay_seconds': 1.92}}","{5: {'wet_level': 0.25}, 0: {'rate_hz': 14.26}, 1: {'delay_seconds': 2.72}, 4: {'depth': 0.48}, 3: {'gain_db': 4.44}, 2: {'drive_db': 17.65}}",0.5824058217255442,17.3193804461042,0.9999999999999999
27.mp3,"{2: {'drive_db': 10.69}, 5: {'wet_level': 0.27}, 0: {'rate_hz': 15.17}, 1: {'delay_seconds': 4.56}, 3: {'gain_db': 9.46}, 4: {'depth': 0.3}}","{5: {'wet_level': 0.31}, 1: {'delay_seconds': 4.53}, 0: {'rate_hz': 14.53}, 4: {'depth': 0.3}, 2: {'drive_db': 5.04}, 3: {'gain_db': -6.67}}",0.7355399967378768,8.259298074767834,0.9999999999999999
28.mp3,"{5: {'wet_level': 0.51}, 1: {'delay_seconds': 2.14}, 0: {'rate_hz': 2.76}}","{5: {'wet_level': 0.44}, 0: {'rate_hz': 3.34}, 3: {'gain_db': -5.69}, 1: {'delay_seconds': 2.22}}",0.6781447072499389,18.92248712592145,0.75
29.mp3,"{0: {'rate_hz': 9.42}, 2: {'drive_db': 16.52}, 1: {'delay_seconds': 2.9}, 4: {'depth': 0.56}, 5: {'wet_level': 0.36}}","{1: {'delay_seconds': 2.82}, 4: {'depth': 0.58}, 0: {'rate_hz': 9.68}, 5: {'wet_level': 0.43}, 2: {'drive_db': 19.22}}",0.8832277596660894,2.3627993672427774,1.0
30.mp3,{4: {'depth': 0.2}},"{2: {'drive_db': 13.3}, 4: {'depth': 0.31}}",0.36250000000000004,0.018914399805991,0.5
31.mp3,"{3: {'gain_db': -3.51}, 0: {'rate_hz': 11.19}, 2: {'drive_db': 14.63}, 5: {'wet_level': 0.4}, 4: {'depth': 0.42}}","{0: {'rate_hz': 10.03}, 5: {'wet_level': 0.33}, 4: {'depth': 0.47}, 2: {'drive_db': 19.11}}",0.5960406914132713,8.599138106534362,0.8
32.mp3,"{5: {'wet_level': 0.21}, 2: {'drive_db': 19.19}, 1: {'delay_seconds': 1.34}, 4: {'depth': 0.27}}","{4: {'depth': 0.32}, 3: {'gain_db': 7.37}, 1: {'delay_seconds': 1.35}}",0.4614381520119225,21.31214259538927,0.5
33.mp3,"{4: {'depth': 0.34}, 3: {'gain_db': -4.02}, 5: {'wet_level': 0.45}, 2: {'drive_db': 5.08}, 0: {'rate_hz': 6.06}, 1: {'delay_seconds': 1.06}}","{4: {'depth': 0.37}, 5: {'wet_level': 0.57}, 0: {'rate_hz': 6.02}, 1: {'delay_seconds': 1.07}, 3: {'gain_db': 1.17}, 2: {'drive_db': 15.49}}",0.7218835406845933,15.182882946977472,0.9999999999999999
34.mp3,"{0: {'rate_hz': 15.72}, 4: {'depth': 0.47}, 1: {'delay_seconds': 3.52}, 2: {'drive_db': 12.49}, 3: {'gain_db': 0.82}}","{0: {'rate_hz': 15.37}, 4: {'depth': 0.46}, 1: {'delay_seconds': 3.5}, 3: {'gain_db': 6.35}}",0.6840317416200946,5.809036869463437,0.8
35.mp3,"{5: {'wet_level': 0.3}, 4: {'depth': 0.56}}","{5: {'wet_level': 0.31}, 4: {'depth': 0.54}}",0.9555555555555555,4.005345261158673,1.0
36.mp3,{4: {'depth': 0.45}},"{4: {'depth': 0.46}, 3: {'gain_db': 9.95}}",0.48,0.9716235981885736,0.5
37.mp3,{4: {'depth': 0.6}},{4: {'depth': 0.52}},0.8,0.127940760675103,1.0
38.mp3,"{4: {'depth': 0.3}, 1: {'delay_seconds': 2.41}, 5: {'wet_level': 0.52}}","{4: {'depth': 0.29}, 5: {'wet_level': 0.53}, 1: {'delay_seconds': 2.41}}",0.9784722222222221,1.5256415281461058,1.0
39.mp3,"{4: {'depth': 0.56}, 1: {'delay_seconds': 3.09}, 3: {'gain_db': 5.86}, 2: {'drive_db': 13.8}, 5: {'wet_level': 0.41}}","{4: {'depth': 0.5}, 1: {'delay_seconds': 3.07}, 5: {'wet_level': 0.42}, 2: {'drive_db': 15.69}, 3: {'gain_db': 1.62}}",0.8722298879129929,8.622843395322676,1.0
40.mp3,"{1: {'delay_seconds': 1.32}, 5: {'wet_level': 0.32}, 3: {'gain_db': 6.02}, 0: {'rate_hz': 14.36}, 4: {'depth': 0.38}}","{0: {'rate_hz': 14.95}, 4: {'depth': 0.4}, 2: {'drive_db': 17.37}, 1: {'delay_seconds': 1.31}}",0.5724423682279709,0.1751713786018243,0.6000000000000001
41.mp3,"{3: {'gain_db': -0.16}, 4: {'depth': 0.43}, 1: {'delay_seconds': 1.55}, 5: {'wet_level': 0.41}}","{4: {'depth': 0.41}, 1: {'delay_seconds': 1.53}, 5: {'wet_level': 0.53}, 2: {'drive_db': 19.31}}",0.5839544513457556,7.75031652767087,0.75
42.mp3,"{2: {'drive_db': 17.01}, 5: {'wet_level': 0.27}, 1: {'delay_seconds': 2.41}, 0: {'rate_hz': 17.98}, 3: {'gain_db': -7.26}}","{1: {'delay_seconds': 2.54}, 5: {'wet_level': 0.21}, 0: {'rate_hz': 16.04}}",0.5307473413480481,17.624840032143876,0.6000000000000001
43.mp3,"{3: {'gain_db': 8.76}, 2: {'drive_db': 1.74}, 5: {'wet_level': 0.53}, 0: {'rate_hz': 8.18}}","{5: {'wet_level': 0.36}, 3: {'gain_db': 8.62}, 2: {'drive_db': 18.85}, 0: {'rate_hz': 10.69}, 1: {'delay_seconds': 1.47}}",0.4656026083824101,0.7015125542480971,0.8
44.mp3,"{5: {'wet_level': 0.34}, 2: {'drive_db': 4.18}, 3: {'gain_db': 9.74}, 4: {'depth': 0.42}}","{4: {'depth': 0.55}, 2: {'drive_db': 13.59}}",0.20356855533846674,0.1663109681171003,0.5
45.mp3,"{2: {'drive_db': 13.45}, 5: {'wet_level': 0.23}, 3: {'gain_db': 5.67}, 0: {'rate_hz': 14.64}, 4: {'depth': 0.47}, 1: {'delay_seconds': 4.91}}","{5: {'wet_level': 0.29}, 0: {'rate_hz': 15.54}, 4: {'depth': 0.4}, 1: {'delay_seconds': 4.94}, 3: {'gain_db': -9.0}}",0.5947899581554272,8.412831693318251,0.8333333333333333
46.mp3,"{4: {'depth': 0.45}, 1: {'delay_seconds': 1.1}, 5: {'wet_level': 0.43}, 2: {'drive_db': 14.28}, 3: {'gain_db': -1.52}}","{4: {'depth': 0.49}, 5: {'wet_level': 0.54}, 1: {'delay_seconds': 1.1}, 3: {'gain_db': -0.95}, 2: {'drive_db': 1.66}}",0.6723917517897678,8.71027260568792,1.0
47.mp3,"{4: {'depth': 0.59}, 1: {'delay_seconds': 2.22}, 0: {'rate_hz': 15.89}}","{4: {'depth': 0.57}, 0: {'rate_hz': 15.88}, 1: {'delay_seconds': 2.3}}",0.9730897928761397,8.933929156768853,1.0
48.mp3,"{4: {'depth': 0.42}, 2: {'drive_db': 15.25}, 0: {'rate_hz': 5.63}}","{4: {'depth': 0.42}, 3: {'gain_db': -3.31}, 0: {'rate_hz': 6.2}, 2: {'drive_db': 9.81}}",0.6446449108156613,12.006373739985586,0.75
49.mp3,"{0: {'rate_hz': 15.03}, 2: {'drive_db': 12.29}, 3: {'gain_db': 4.03}, 1: {'delay_seconds': 1.67}}","{0: {'rate_hz': 4.2}, 1: {'delay_seconds': 2.89}}",0.21542907840128084,1.939095102153796,0.5
50.mp3,{4: {'depth': 0.27}},{4: {'depth': 0.26}},0.9696969696969696,0.0546230271974861,1.0
51.mp3,"{2: {'drive_db': 19.01}, 0: {'rate_hz': 17.17}, 4: {'depth': 0.59}}","{0: {'rate_hz': 17.15}, 4: {'depth': 0.59}, 2: {'drive_db': 13.29}}",0.8937206030090934,1.4522255328474796,1.0
52.mp3,{2: {'drive_db': 8.28}},{3: {'gain_db': 8.11}},0.0,2.312134211249195,0.0
53.mp3,"{0: {'rate_hz': 4.87}, 3: {'gain_db': 0.8}}","{4: {'depth': 0.48}, 5: {'wet_level': 0.36}, 0: {'rate_hz': 4.7}}",0.3295880149812734,0.4623498442510974,0.3333333333333333
54.mp3,"{3: {'gain_db': -9.37}, 5: {'wet_level': 0.42}, 1: {'delay_seconds': 4.06}, 2: {'drive_db': 13.02}, 0: {'rate_hz': 19.81}, 4: {'depth': 0.49}}","{5: {'wet_level': 0.54}, 3: {'gain_db': -1.28}, 0: {'rate_hz': 18.48}, 4: {'depth': 0.35}, 2: {'drive_db': 10.88}, 1: {'delay_seconds': 3.63}}",0.6941440187234126,6.944884648303947,0.9999999999999999
55.mp3,"{4: {'depth': 0.36}, 1: {'delay_seconds': 2.32}, 5: {'wet_level': 0.29}, 3: {'gain_db': 5.4}}","{4: {'depth': 0.41}, 5: {'wet_level': 0.29}, 1: {'delay_seconds': 2.29}, 3: {'gain_db': -4.54}}",0.7837545228403437,9.803762890970177,1.0
56.mp3,"{0: {'rate_hz': 6.85}, 3: {'gain_db': 9.2}, 5: {'wet_level': 0.26}}","{0: {'rate_hz': 8.54}, 5: {'wet_level': 0.2}, 3: {'gain_db': -6.41}}",0.6273304893884043,5.425890372188502,1.0
57.mp3,"{0: {'rate_hz': 10.03}, 1: {'delay_seconds': 4.7}, 3: {'gain_db': -2.96}, 5: {'wet_level': 0.34}, 2: {'drive_db': 4.76}}","{1: {'delay_seconds': 4.42}, 0: {'rate_hz': 13.27}, 2: {'drive_db': 19.19}, 3: {'gain_db': 2.37}, 4: {'depth': 0.58}}",0.4482467147500897,0.6786022057586185,0.8
58.mp3,"{0: {'rate_hz': 3.62}, 4: {'depth': 0.29}, 3: {'gain_db': -8.61}}","{4: {'depth': 0.28}, 0: {'rate_hz': 3.61}, 2: {'drive_db': 18.23}}",0.6557104782911235,0.9376959382520932,0.6666666666666666
59.mp3,"{0: {'rate_hz': 4.8}, 2: {'drive_db': 19.9}, 4: {'depth': 0.55}, 3: {'gain_db': 6.15}, 1: {'delay_seconds': 2.33}}","{1: {'delay_seconds': 3.13}, 3: {'gain_db': -9.21}, 4: {'depth': 0.54}, 0: {'rate_hz': 4.61}}",0.5416439023865016,2.042891293947965,0.8
60.mp3,{1: {'delay_seconds': 4.76}},"{1: {'delay_seconds': 4.76}, 2: {'drive_db': 12.98}}",0.5,1.6091815490430252,0.5
61.mp3,"{1: {'delay_seconds': 2.43}, 5: {'wet_level': 0.45}, 4: {'depth': 0.54}, 2: {'drive_db': 3.81}}","{5: {'wet_level': 0.41}, 3: {'gain_db': -8.43}, 2: {'drive_db': 14.91}, 4: {'depth': 0.24}, 1: {'delay_seconds': 2.19}, 0: {'rate_hz': 5.75}}",0.3631089074281134,0.8168501950661239,0.6666666666666666
62.mp3,{4: {'depth': 0.38}},"{4: {'depth': 0.35}, 2: {'drive_db': 9.82}}",0.43181818181818177,0.9432780269267416,0.5
63.mp3,"{2: {'drive_db': 16.31}, 5: {'wet_level': 0.27}, 0: {'rate_hz': 15.64}, 1: {'delay_seconds': 1.13}}","{0: {'rate_hz': 14.28}, 2: {'drive_db': 7.22}, 1: {'delay_seconds': 1.51}, 3: {'gain_db': 5.65}}",0.5537957555405205,0.3132780344540119,0.75
64.mp3,"{1: {'delay_seconds': 1.94}, 2: {'drive_db': 9.36}}","{1: {'delay_seconds': 1.94}, 2: {'drive_db': 7.46}}",0.9107142857142858,0.6757521858438231,1.0
65.mp3,"{5: {'wet_level': 0.57}, 0: {'rate_hz': 2.4}, 1: {'delay_seconds': 2.05}}","{1: {'delay_seconds': 1.99}, 2: {'drive_db': 15.63}, 0: {'rate_hz': 10.79}, 3: {'gain_db': 8.22}}",0.37573911787365183,0.5902679924503903,0.5
66.mp3,"{4: {'depth': 0.24}, 5: {'wet_level': 0.33}, 2: {'drive_db': 15.73}, 0: {'rate_hz': 12.96}}","{1: {'delay_seconds': 2.86}, 5: {'wet_level': 0.52}, 4: {'depth': 0.27}, 3: {'gain_db': -6.6}, 0: {'rate_hz': 11.13}, 2: {'drive_db': 7.59}}",0.41788986933471717,0.7455882746842522,0.6666666666666666
67.mp3,"{5: {'wet_level': 0.37}, 1: {'delay_seconds': 3.23}, 3: {'gain_db': -9.36}, 0: {'rate_hz': 12.81}, 4: {'depth': 0.54}, 2: {'drive_db': 7.87}}","{1: {'delay_seconds': 3.58}, 5: {'wet_level': 0.35}, 0: {'rate_hz': 12.97}, 4: {'depth': 0.57}, 2: {'drive_db': 14.93}, 3: {'gain_db': -8.28}}",0.8360827528398646,2.234080773618445,0.9999999999999999
68.mp3,"{0: {'rate_hz': 15.96}, 3: {'gain_db': -5.04}, 5: {'wet_level': 0.48}, 4: {'depth': 0.25}}","{3: {'gain_db': -9.64}, 0: {'rate_hz': 3.97}, 4: {'depth': 0.52}}",0.28031244412658674,0.2327333967463971,0.75
69.mp3,"{5: {'wet_level': 0.43}, 3: {'gain_db': 7.14}}",{5: {'wet_level': 0.43}},0.5,0.3622169485593761,0.5
70.mp3,"{5: {'wet_level': 0.35}, 2: {'drive_db': 16.49}}","{5: {'wet_level': 0.36}, 2: {'drive_db': 16.49}}",0.98,0.4269258391082515,1.0
71.mp3,"{5: {'wet_level': 0.34}, 2: {'drive_db': 18.33}, 1: {'delay_seconds': 2.13}}","{1: {'delay_seconds': 2.83}, 5: {'wet_level': 0.33}}",0.5725453408380237,0.7639207005699193,0.6666666666666666
72.mp3,"{1: {'delay_seconds': 2.45}, 0: {'rate_hz': 14.87}, 5: {'wet_level': 0.44}, 4: {'depth': 0.31}, 3: {'gain_db': -4.31}, 2: {'drive_db': 12.33}}","{5: {'wet_level': 0.41}, 1: {'delay_seconds': 2.43}, 3: {'gain_db': 3.92}, 0: {'rate_hz': 11.55}, 4: {'depth': 0.3}, 2: {'drive_db': 1.5}}",0.6770528169242309,8.498159628468482,0.9999999999999999
73.mp3,"{0: {'rate_hz': 10.03}, 4: {'depth': 0.32}, 3: {'gain_db': -4.97}, 2: {'drive_db': 19.54}}","{3: {'gain_db': 7.47}, 4: {'depth': 0.27}, 5: {'wet_level': 0.27}, 0: {'rate_hz': 14.02}}",0.3975581614104648,0.9262916425771204,0.75
74.mp3,"{4: {'depth': 0.56}, 1: {'delay_seconds': 1.6}, 5: {'wet_level': 0.58}, 3: {'gain_db': -7.95}, 2: {'drive_db': 9.58}}","{2: {'drive_db': 16.13}, 1: {'delay_seconds': 2.08}, 0: {'rate_hz': 14.47}, 5: {'wet_level': 0.57}, 3: {'gain_db': 1.51}, 4: {'depth': 0.5}}",0.5850371210492747,0.3600862082152717,0.8333333333333333
75.mp3,"{3: {'gain_db': -0.93}, 2: {'drive_db': 2.17}, 5: {'wet_level': 0.4}, 0: {'rate_hz': 10.53}, 4: {'depth': 0.49}}","{5: {'wet_level': 0.41}, 0: {'rate_hz': 10.09}, 4: {'depth': 0.48}, 3: {'gain_db': -3.0}, 2: {'drive_db': 1.74}}",0.9311687172638295,6.98045235156208,1.0
76.mp3,{5: {'wet_level': 0.25}},"{2: {'drive_db': 19.04}, 3: {'gain_db': -5.31}, 5: {'wet_level': 0.25}}",0.3333333333333333,0.3884669346273113,0.3333333333333333
77.mp3,"{5: {'wet_level': 0.54}, 1: {'delay_seconds': 4.15}, 4: {'depth': 0.3}, 2: {'drive_db': 13.44}, 0: {'rate_hz': 4.69}}","{5: {'wet_level': 0.6}, 4: {'depth': 0.42}, 1: {'delay_seconds': 4.17}, 0: {'rate_hz': 4.0}, 2: {'drive_db': 10.34}}",0.8245830962621331,18.33909074882484,1.0
78.mp3,"{0: {'rate_hz': 15.26}, 2: {'drive_db': 8.16}, 4: {'depth': 0.43}}","{4: {'depth': 0.4}, 0: {'rate_hz': 9.13}, 3: {'gain_db': 5.34}}",0.47989714820009355,9.026139532420196,0.6666666666666666
79.mp3,"{3: {'gain_db': 3.57}, 5: {'wet_level': 0.46}, 0: {'rate_hz': 17.99}, 2: {'drive_db': 8.53}}","{5: {'wet_level': 0.54}, 0: {'rate_hz': 16.64}, 2: {'drive_db': 13.59}, 3: {'gain_db': -4.85}}",0.6378029980177871,0.6929385237356384,1.0
80.mp3,"{0: {'rate_hz': 5.89}, 5: {'wet_level': 0.35}, 1: {'delay_seconds': 4.19}, 2: {'drive_db': 4.85}, 3: {'gain_db': -9.71}, 4: {'depth': 0.39}}","{5: {'wet_level': 0.23}, 1: {'delay_seconds': 4.21}, 0: {'rate_hz': 4.03}, 4: {'depth': 0.47}, 3: {'gain_db': -1.26}, 2: {'drive_db': 17.38}}",0.6241962549033178,15.697802667826233,0.9999999999999999
81.mp3,"{0: {'rate_hz': 5.65}, 4: {'depth': 0.56}, 3: {'gain_db': -1.27}, 5: {'wet_level': 0.53}, 2: {'drive_db': 14.06}}","{0: {'rate_hz': 4.51}, 5: {'wet_level': 0.6}, 2: {'drive_db': 18.05}}",0.4805846524645314,14.074456416642796,0.6000000000000001
82.mp3,"{2: {'drive_db': 8.46}, 4: {'depth': 0.26}, 3: {'gain_db': -5.38}, 0: {'rate_hz': 15.74}, 5: {'wet_level': 0.44}}","{3: {'gain_db': -8.07}, 2: {'drive_db': 14.23}, 0: {'rate_hz': 4.82}}",0.31685125619096854,8.612685956868802,0.6000000000000001
83.mp3,"{4: {'depth': 0.42}, 1: {'delay_seconds': 3.33}}","{4: {'depth': 0.47}, 1: {'delay_seconds': 3.33}}",0.8863636363636364,2.292597785171957,1.0
84.mp3,"{0: {'rate_hz': 2.21}, 1: {'delay_seconds': 4.3}, 5: {'wet_level': 0.38}, 3: {'gain_db': -9.53}, 4: {'depth': 0.23}, 2: {'drive_db': 7.82}}","{0: {'rate_hz': 2.11}, 1: {'delay_seconds': 4.19}, 5: {'wet_level': 0.33}, 4: {'depth': 0.2}, 3: {'gain_db': -1.45}, 2: {'drive_db': 19.24}}",0.7168944362245143,3.037104406506748,0.9999999999999999
85.mp3,"{3: {'gain_db': -7.43}, 5: {'wet_level': 0.34}, 0: {'rate_hz': 1.44}, 2: {'drive_db': 8.55}, 1: {'delay_seconds': 1.12}}","{1: {'delay_seconds': 3.49}, 3: {'gain_db': 4.13}, 0: {'rate_hz': 1.41}, 4: {'depth': 0.36}}",0.34486691050933715,3.4467910329205047,0.6000000000000001
86.mp3,"{3: {'gain_db': -1.32}, 1: {'delay_seconds': 3.44}, 5: {'wet_level': 0.33}}","{1: {'delay_seconds': 3.93}, 2: {'drive_db': 14.08}}",0.2663934426229508,0.9706967002901328,0.3333333333333333
87.mp3,"{4: {'depth': 0.24}, 5: {'wet_level': 0.32}, 1: {'delay_seconds': 4.67}, 3: {'gain_db': 1.24}}","{4: {'depth': 0.26}, 1: {'delay_seconds': 4.72}, 5: {'wet_level': 0.44}, 2: {'drive_db': 1.62}}",0.6255622594178452,6.770720432177158,0.75
88.mp3,"{4: {'depth': 0.3}, 0: {'rate_hz': 11.73}, 5: {'wet_level': 0.25}, 1: {'delay_seconds': 3.87}, 2: {'drive_db': 12.76}, 3: {'gain_db': 6.84}}","{4: {'depth': 0.29}, 1: {'delay_seconds': 3.8}, 0: {'rate_hz': 12.2}, 5: {'wet_level': 0.29}, 3: {'gain_db': 3.12}}",0.760547612089857,10.66370957258028,0.8333333333333333
89.mp3,"{4: {'depth': 0.35}, 5: {'wet_level': 0.23}}","{5: {'wet_level': 0.59}, 2: {'drive_db': 1.35}, 0: {'rate_hz': 5.1}, 3: {'gain_db': -4.09}}",0.006756756756756771,0.3933379626887296,0.25
90.mp3,"{2: {'drive_db': 19.21}, 4: {'depth': 0.39}}","{5: {'wet_level': 0.24}, 4: {'depth': 0.28}, 0: {'rate_hz': 10.14}}",0.15873015873015872,0.0375240736950796,0.3333333333333333
91.mp3,"{3: {'gain_db': -2.2}, 2: {'drive_db': 3.59}, 0: {'rate_hz': 1.5}, 4: {'depth': 0.36}, 1: {'delay_seconds': 3.77}}","{4: {'depth': 0.38}, 1: {'delay_seconds': 3.64}, 0: {'rate_hz': 2.87}, 3: {'gain_db': -2.57}}",0.7530706671635831,23.642005305681977,0.8
92.mp3,"{1: {'delay_seconds': 3.88}, 5: {'wet_level': 0.24}, 2: {'drive_db': 14.0}, 3: {'gain_db': -4.57}}","{1: {'delay_seconds': 3.87}, 5: {'wet_level': 0.2}}",0.47135416666666674,3.296045806929483,0.5
93.mp3,{5: {'wet_level': 0.51}},{5: {'wet_level': 0.51}},1.0,0.4221975499667591,1.0
94.mp3,"{1: {'delay_seconds': 3.46}, 5: {'wet_level': 0.47}, 3: {'gain_db': 9.41}, 2: {'drive_db': 8.08}, 0: {'rate_hz': 17.24}, 4: {'depth': 0.43}}","{5: {'wet_level': 0.45}, 0: {'rate_hz': 16.59}, 1: {'delay_seconds': 3.5}, 4: {'depth': 0.4}, 2: {'drive_db': 6.66}, 3: {'gain_db': 1.18}}",0.8660117650369312,15.52973255039614,0.9999999999999999
95.mp3,"{5: {'wet_level': 0.32}, 0: {'rate_hz': 7.55}, 2: {'drive_db': 3.87}, 1: {'delay_seconds': 1.04}, 3: {'gain_db': -8.8}, 4: {'depth': 0.34}}","{5: {'wet_level': 0.33}, 0: {'rate_hz': 8.75}, 4: {'depth': 0.32}, 1: {'delay_seconds': 1.06}}",0.6309877650239095,13.702710648537163,0.6666666666666666
96.mp3,"{0: {'rate_hz': 13.41}, 3: {'gain_db': -4.64}, 1: {'delay_seconds': 4.76}, 5: {'wet_level': 0.54}, 4: {'depth': 0.44}, 2: {'drive_db': 3.01}}","{4: {'depth': 0.42}, 1: {'delay_seconds': 4.85}, 0: {'rate_hz': 17.95}, 5: {'wet_level': 0.47}, 3: {'gain_db': -3.92}}",0.7119723018015102,0.8883684050762132,0.8333333333333333
97.mp3,"{2: {'drive_db': 18.62}, 1: {'delay_seconds': 2.35}, 3: {'gain_db': 6.32}, 5: {'wet_level': 0.53}}","{5: {'wet_level': 0.42}, 1: {'delay_seconds': 4.14}, 2: {'drive_db': 19.47}, 3: {'gain_db': -1.56}}",0.6150277989143101,9.94695060859373,1.0
98.mp3,"{4: {'depth': 0.44}, 2: {'drive_db': 8.71}, 1: {'delay_seconds': 3.75}, 0: {'rate_hz': 5.72}, 3: {'gain_db': -8.71}, 5: {'wet_level': 0.21}}","{1: {'delay_seconds': 2.88}, 4: {'depth': 0.48}, 0: {'rate_hz': 4.42}, 5: {'wet_level': 0.21}, 3: {'gain_db': 7.78}, 2: {'drive_db': 5.36}}",0.7079772742610951,9.258849276630364,0.9999999999999999
99.mp3,"{0: {'rate_hz': 8.55}, 4: {'depth': 0.21}, 1: {'delay_seconds': 3.15}, 2: {'drive_db': 14.75}, 5: {'wet_level': 0.42}}","{4: {'depth': 0.21}, 0: {'rate_hz': 9.58}, 2: {'drive_db': 5.77}, 3: {'gain_db': -2.82}, 1: {'delay_seconds': 3.18}, 5: {'wet_level': 0.31}}",0.6238332117765448,13.591105777039909,0.8333333333333333
100.mp3,"{3: {'gain_db': -5.71}, 5: {'wet_level': 0.49}, 0: {'rate_hz': 16.87}}","{5: {'wet_level': 0.51}, 2: {'drive_db': 5.06}, 0: {'rate_hz': 15.7}}",0.6191034917323945,1.090999554417606,0.6666666666666666
101.mp3,"{5: {'wet_level': 0.55}, 3: {'gain_db': 8.13}}",{5: {'wet_level': 0.57}},0.4714285714285716,0.2909506932231555,0.5
102.mp3,"{4: {'depth': 0.49}, 2: {'drive_db': 14.36}, 1: {'delay_seconds': 2.5}, 3: {'gain_db': 3.35}, 5: {'wet_level': 0.38}, 0: {'rate_hz': 15.23}}","{1: {'delay_seconds': 2.64}, 4: {'depth': 0.47}, 0: {'rate_hz': 12.0}, 5: {'wet_level': 0.35}, 3: {'gain_db': -8.54}}",0.6035081499715993,0.3300105168955071,0.8333333333333333
103.mp3,"{4: {'depth': 0.37}, 5: {'wet_level': 0.6}, 1: {'delay_seconds': 3.88}, 0: {'rate_hz': 16.78}}","{4: {'depth': 0.36}, 1: {'delay_seconds': 3.94}, 5: {'wet_level': 0.55}, 0: {'rate_hz': 16.51}, 2: {'drive_db': 16.46}, 3: {'gain_db': 7.29}}",0.6322630232729008,5.210029915528766,0.6666666666666666
104.mp3,"{4: {'depth': 0.24}, 3: {'gain_db': 8.96}, 0: {'rate_hz': 6.1}, 5: {'wet_level': 0.58}}","{0: {'rate_hz': 6.12}, 5: {'wet_level': 0.23}}",0.2693771298750473,1.6212853186182432,0.5
105.mp3,{0: {'rate_hz': 2.47}},{0: {'rate_hz': 2.33}},0.9920136908157444,3.914853480228044,1.0
106.mp3,"{0: {'rate_hz': 6.42}, 1: {'delay_seconds': 4.62}, 4: {'depth': 0.51}}","{0: {'rate_hz': 8.82}, 3: {'gain_db': 8.42}, 1: {'delay_seconds': 4.53}, 4: {'depth': 0.45}, 2: {'drive_db': 17.34}}",0.5209718496882701,20.773587221938985,0.6000000000000001
107.mp3,"{4: {'depth': 0.4}, 1: {'delay_seconds': 1.04}, 2: {'drive_db': 15.85}, 0: {'rate_hz': 9.33}}","{1: {'delay_seconds': 1.98}, 0: {'rate_hz': 1.95}, 5: {'wet_level': 0.36}, 3: {'gain_db': 6.24}, 2: {'drive_db': 1.39}}",0.21944600645631576,7.1796473000591785,0.6000000000000001
108.mp3,"{1: {'delay_seconds': 4.65}, 2: {'drive_db': 16.74}, 4: {'depth': 0.35}, 0: {'rate_hz': 14.31}}","{1: {'delay_seconds': 4.64}, 0: {'rate_hz': 12.85}, 4: {'depth': 0.31}, 3: {'gain_db': -0.0}}",0.6818920782602431,3.867114675593736,0.75
109.mp3,"{1: {'delay_seconds': 2.09}, 3: {'gain_db': 2.14}, 4: {'depth': 0.35}, 2: {'drive_db': 15.74}, 0: {'rate_hz': 14.87}}","{0: {'rate_hz': 2.68}, 2: {'drive_db': 1.82}, 1: {'delay_seconds': 2.59}, 4: {'depth': 0.2}}",0.28098687200366534,0.6072037167089194,0.8
110.mp3,"{2: {'drive_db': 14.88}, 4: {'depth': 0.35}}","{4: {'depth': 0.31}, 2: {'drive_db': 13.26}}",0.86164265129683,0.4073529483079031,1.0
111.mp3,"{0: {'rate_hz': 19.35}, 5: {'wet_level': 0.21}}",{0: {'rate_hz': 18.42}},0.47465940054495914,0.0531511338730287,0.5
112.mp3,"{4: {'depth': 0.58}, 2: {'drive_db': 13.77}}","{4: {'depth': 0.59}, 2: {'drive_db': 15.22}}",0.9300684169311296,1.4250342740557145,1.0
113.mp3,"{2: {'drive_db': 13.77}, 4: {'depth': 0.37}, 0: {'rate_hz': 16.54}, 1: {'delay_seconds': 2.92}, 5: {'wet_level': 0.58}}","{4: {'depth': 0.45}, 5: {'wet_level': 0.46}, 2: {'drive_db': 5.33}, 0: {'rate_hz': 10.97}, 1: {'delay_seconds': 2.91}}",0.6624445695802557,0.3636717561478342,1.0
114.mp3,"{3: {'gain_db': 5.33}, 5: {'wet_level': 0.36}, 1: {'delay_seconds': 3.68}, 2: {'drive_db': 1.46}, 0: {'rate_hz': 12.05}}","{0: {'rate_hz': 8.95}, 3: {'gain_db': -9.17}, 5: {'wet_level': 0.51}}",0.2297198436803594,0.0633133353573159,0.6000000000000001
115.mp3,"{4: {'depth': 0.49}, 5: {'wet_level': 0.52}}","{4: {'depth': 0.48}, 5: {'wet_level': 0.51}, 3: {'gain_db': 6.58}, 2: {'drive_db': 4.1}}",0.48356681034482757,2.6282877687318456,0.5
116.mp3,"{3: {'gain_db': -6.71}, 4: {'depth': 0.59}, 5: {'wet_level': 0.28}}","{2: {'drive_db': 16.61}, 3: {'gain_db': 3.97}, 4: {'depth': 0.32}, 1: {'delay_seconds': 2.09}, 0: {'rate_hz': 1.13}}",0.1337108134235603,1.2677189310829422,0.4
117.mp3,{2: {'drive_db': 19.82}},{2: {'drive_db': 18.3}},0.9192348565356004,0.2957145189298265,1.0
118.mp3,"{3: {'gain_db': -7.43}, 2: {'drive_db': 2.34}, 4: {'depth': 0.22}, 1: {'delay_seconds': 2.77}}","{3: {'gain_db': -3.31}, 2: {'drive_db': 12.1}, 1: {'delay_seconds': 4.45}, 4: {'depth': 0.28}}",0.57492664627638,0.0212224239459464,1.0
119.mp3,"{4: {'depth': 0.6}, 1: {'delay_seconds': 1.34}, 2: {'drive_db': 9.83}, 3: {'gain_db': -6.25}, 5: {'wet_level': 0.49}}","{5: {'wet_level': 0.52}, 4: {'depth': 0.48}, 1: {'delay_seconds': 1.38}}",0.5171245524778595,8.597711239764452,0.6000000000000001
120.mp3,"{2: {'drive_db': 19.32}, 3: {'gain_db': 8.5}, 4: {'depth': 0.21}}","{4: {'depth': 0.32}, 3: {'gain_db': -9.23}}",0.25319011319011314,1.5343077092699375,0.6666666666666666
121.mp3,"{1: {'delay_seconds': 2.37}, 4: {'depth': 0.27}, 0: {'rate_hz': 3.7}, 5: {'wet_level': 0.49}}","{1: {'delay_seconds': 2.38}, 0: {'rate_hz': 3.69}, 4: {'depth': 0.23}, 2: {'drive_db': 19.64}, 5: {'wet_level': 0.57}}",0.7197020063042051,2.2106070000562945,0.8
122.mp3,"{2: {'drive_db': 17.21}, 3: {'gain_db': -7.86}, 5: {'wet_level': 0.47}, 1: {'delay_seconds': 4.31}}","{5: {'wet_level': 0.38}, 1: {'delay_seconds': 4.35}, 2: {'drive_db': 10.38}}",0.5583093064157306,0.9414665836764984,0.75
123.mp3,{4: {'depth': 0.31}},"{4: {'depth': 0.31}, 2: {'drive_db': 8.6}}",0.5,1.6272919737106746,0.5
124.mp3,{0: {'rate_hz': 9.95}},{0: {'rate_hz': 10.31}},0.9641791044776118,0.182382616115912,1.0
125.mp3,"{5: {'wet_level': 0.51}, 2: {'drive_db': 4.42}}",{5: {'wet_level': 0.52}},0.4838709677419355,0.0216022110887755,0.5
126.mp3,"{2: {'drive_db': 12.5}, 3: {'gain_db': 4.58}, 1: {'delay_seconds': 3.39}, 5: {'wet_level': 0.33}, 0: {'rate_hz': 19.83}, 4: {'depth': 0.44}}","{1: {'delay_seconds': 3.43}, 4: {'depth': 0.38}, 0: {'rate_hz': 3.33}}",0.3095003855238569,8.555638508058065,0.5
127.mp3,{2: {'drive_db': 1.77}},{2: {'drive_db': 11.28}},0.47833241908941304,0.0802259260790771,1.0
128.mp3,"{1: {'delay_seconds': 1.17}, 0: {'rate_hz': 11.61}}","{0: {'rate_hz': 12.11}, 1: {'delay_seconds': 1.74}, 3: {'gain_db': -1.67}}",0.6013498604285659,3.0063563487233984,0.6666666666666666
129.mp3,"{3: {'gain_db': 9.13}, 4: {'depth': 0.34}}","{4: {'depth': 0.33}, 2: {'drive_db': 10.81}}",0.4807692307692307,1.5898192739431831,0.5
130.mp3,"{4: {'depth': 0.35}, 0: {'rate_hz': 1.56}, 2: {'drive_db': 6.13}, 5: {'wet_level': 0.24}}","{4: {'depth': 0.36}, 5: {'wet_level': 0.21}, 0: {'rate_hz': 1.47}, 3: {'gain_db': -6.64}}",0.7179464931308749,8.88215784082491,0.75
131.mp3,"{0: {'rate_hz': 12.68}, 4: {'depth': 0.31}}","{4: {'depth': 0.32}, 1: {'delay_seconds': 3.03}, 3: {'gain_db': -3.33}, 0: {'rate_hz': 2.71}, 2: {'drive_db': 6.85}}",0.2223842701936703,5.603499328408554,0.4
132.mp3,"{2: {'drive_db': 16.94}, 4: {'depth': 0.35}}","{4: {'depth': 0.44}, 3: {'gain_db': 3.31}}",0.31999999999999995,0.0152182449709785,0.5
133.mp3,{5: {'wet_level': 0.49}},{5: {'wet_level': 0.48}},0.9655172413793103,0.1494416945308872,1.0
134.mp3,"{1: {'delay_seconds': 3.06}, 3: {'gain_db': 4.15}, 4: {'depth': 0.57}}","{3: {'gain_db': -7.24}, 1: {'delay_seconds': 3.05}, 4: {'depth': 0.53}}",0.6940301754978073,1.9272588281116991,1.0
135.mp3,"{5: {'wet_level': 0.22}, 3: {'gain_db': -6.31}, 0: {'rate_hz': 15.1}}","{5: {'wet_level': 0.22}, 0: {'rate_hz': 15.42}, 3: {'gain_db': 5.06}}",0.7600622107425139,1.018880249788247,1.0
136.mp3,"{4: {'depth': 0.48}, 0: {'rate_hz': 7.26}, 1: {'delay_seconds': 2.14}, 3: {'gain_db': -4.24}, 5: {'wet_level': 0.46}}","{0: {'rate_hz': 8.97}, 2: {'drive_db': 17.48}, 1: {'delay_seconds': 4.61}, 3: {'gain_db': -7.15}}",0.3595573567684322,4.455050822824704,0.6000000000000001
137.mp3,"{1: {'delay_seconds': 4.71}, 4: {'depth': 0.36}, 3: {'gain_db': -1.39}, 2: {'drive_db': 8.54}}","{1: {'delay_seconds': 4.71}, 4: {'depth': 0.34}, 2: {'drive_db': 6.19}, 3: {'gain_db': 9.64}}",0.6858030642904971,4.200355763422165,1.0
138.mp3,{3: {'gain_db': 5.09}},{2: {'drive_db': 14.55}},0.0,0.3171629347019143,0.0
139.mp3,{4: {'depth': 0.38}},"{4: {'depth': 0.38}, 2: {'drive_db': 18.4}}",0.5,3.265436239619734,0.5
140.mp3,"{5: {'wet_level': 0.45}, 3: {'gain_db': -4.06}, 4: {'depth': 0.25}, 2: {'drive_db': 4.56}, 0: {'rate_hz': 18.91}}","{5: {'wet_level': 0.54}, 0: {'rate_hz': 18.47}, 4: {'depth': 0.3}}",0.49451511525883385,13.831115148607855,0.6000000000000001
141.mp3,"{3: {'gain_db': 5.21}, 5: {'wet_level': 0.3}, 2: {'drive_db': 4.91}, 4: {'depth': 0.44}, 1: {'delay_seconds': 4.04}}","{5: {'wet_level': 0.3}, 4: {'depth': 0.47}, 1: {'delay_seconds': 4.0}, 3: {'gain_db': 6.39}}",0.7568523132288314,12.096098352222128,0.8
142.mp3,"{3: {'gain_db': -4.81}, 2: {'drive_db': 1.29}, 5: {'wet_level': 0.44}}","{3: {'gain_db': -4.39}, 5: {'wet_level': 0.39}}",0.5877691499737414,0.3409669324368676,0.6666666666666666
143.mp3,"{3: {'gain_db': -4.7}, 4: {'depth': 0.26}, 2: {'drive_db': 17.52}, 5: {'wet_level': 0.53}, 1: {'delay_seconds': 4.7}}","{4: {'depth': 0.28}, 5: {'wet_level': 0.49}, 1: {'delay_seconds': 4.73}}",0.5623712482536012,6.474297602015589,0.6000000000000001
144.mp3,"{1: {'delay_seconds': 3.92}, 3: {'gain_db': -7.22}, 5: {'wet_level': 0.28}, 0: {'rate_hz': 13.06}, 2: {'drive_db': 15.16}}","{5: {'wet_level': 0.31}, 0: {'rate_hz': 12.0}, 1: {'delay_seconds': 3.96}, 2: {'drive_db': 12.52}}",0.723643365576729,2.0410592061456296,0.8
145.mp3,"{5: {'wet_level': 0.49}, 3: {'gain_db': 4.34}, 2: {'drive_db': 19.85}, 0: {'rate_hz': 6.41}}","{5: {'wet_level': 0.4}, 3: {'gain_db': 9.42}, 2: {'drive_db': 19.77}, 4: {'depth': 0.35}, 0: {'rate_hz': 8.12}, 1: {'delay_seconds': 1.63}}",0.5342215817647723,6.468998437346296,0.6666666666666666
146.mp3,"{5: {'wet_level': 0.38}, 0: {'rate_hz': 6.69}}","{5: {'wet_level': 0.38}, 3: {'gain_db': 9.71}, 0: {'rate_hz': 8.45}}",0.6225895316804408,5.986860765034496,0.6666666666666666
147.mp3,"{3: {'gain_db': -0.38}, 2: {'drive_db': 18.0}, 4: {'depth': 0.33}}","{4: {'depth': 0.31}, 2: {'drive_db': 14.63}}",0.5758968772694262,1.3890607083311437,0.6666666666666666
148.mp3,"{1: {'delay_seconds': 2.72}, 2: {'drive_db': 17.3}, 5: {'wet_level': 0.35}}","{1: {'delay_seconds': 2.68}, 5: {'wet_level': 0.33}, 4: {'depth': 0.5}}",0.6341520467836257,0.7719189244305621,0.6666666666666666
149.mp3,"{1: {'delay_seconds': 3.86}, 5: {'wet_level': 0.52}}","{4: {'depth': 0.5}, 5: {'wet_level': 0.48}, 3: {'gain_db': 0.86}, 0: {'rate_hz': 16.14}, 2: {'drive_db': 17.38}, 1: {'delay_seconds': 2.08}}",0.20877039627039626,0.8279340234151865,0.3333333333333333
150.mp3,{3: {'gain_db': -8.81}},{2: {'drive_db': 8.47}},0.0,0.636774074861667,0.0
151.mp3,{4: {'depth': 0.43}},"{4: {'depth': 0.47}, 2: {'drive_db': 8.56}}",0.4130434782608696,5.101948431136014,0.5
152.mp3,"{3: {'gain_db': 9.47}, 5: {'wet_level': 0.3}}","{2: {'drive_db': 3.62}, 5: {'wet_level': 0.31}, 3: {'gain_db': 7.6}}",0.6235404896421844,0.3724466380572116,0.6666666666666666
153.mp3,"{5: {'wet_level': 0.36}, 0: {'rate_hz': 18.67}}","{5: {'wet_level': 0.22}, 0: {'rate_hz': 15.96}}",0.631649688737974,0.026090721788414,1.0
154.mp3,"{1: {'delay_seconds': 1.5}, 3: {'gain_db': 0.23}, 2: {'drive_db': 5.08}, 5: {'wet_level': 0.31}}","{5: {'wet_level': 0.34}, 3: {'gain_db': 5.55}, 1: {'delay_seconds': 1.5}}",0.5941281558634173,0.9961148197431872,0.75
155.mp3,{0: {'rate_hz': 18.72}},{0: {'rate_hz': 18.49}},0.9870203160270881,0.6927403220885416,1.0
156.mp3,"{0: {'rate_hz': 16.28}, 4: {'depth': 0.51}}","{4: {'depth': 0.49}, 0: {'rate_hz': 17.42}, 5: {'wet_level': 0.21}, 3: {'gain_db': 1.08}}",0.4652191352812025,3.3669618592983506,0.5
157.mp3,"{2: {'drive_db': 5.71}, 1: {'delay_seconds': 1.79}, 4: {'depth': 0.39}, 0: {'rate_hz': 18.22}, 5: {'wet_level': 0.48}, 3: {'gain_db': -4.39}}","{0: {'rate_hz': 17.26}, 1: {'delay_seconds': 1.78}, 2: {'drive_db': 18.59}, 5: {'wet_level': 0.21}}",0.3459200484795422,0.9355283436640068,0.6666666666666666
158.mp3,"{3: {'gain_db': 2.37}, 2: {'drive_db': 14.93}, 0: {'rate_hz': 15.0}, 5: {'wet_level': 0.53}, 1: {'delay_seconds': 1.31}}","{1: {'delay_seconds': 3.91}, 4: {'depth': 0.58}}",0.05907859078590785,1.057688400776559,0.2
159.mp3,"{0: {'rate_hz': 4.52}, 1: {'delay_seconds': 2.64}, 4: {'depth': 0.46}, 3: {'gain_db': -5.46}, 5: {'wet_level': 0.39}, 2: {'drive_db': 11.94}}","{1: {'delay_seconds': 2.68}, 4: {'depth': 0.52}, 0: {'rate_hz': 4.07}, 2: {'drive_db': 8.88}, 5: {'wet_level': 0.32}}",0.6850285034139311,24.358732917404968,0.8333333333333333
160.mp3,{4: {'depth': 0.59}},"{4: {'depth': 0.52}, 2: {'drive_db': 2.24}}",0.4102564102564103,2.6434671585155174,0.5
161.mp3,"{0: {'rate_hz': 12.46}, 4: {'depth': 0.33}, 5: {'wet_level': 0.34}}","{4: {'depth': 0.33}, 3: {'gain_db': -4.27}, 0: {'rate_hz': 16.3}, 5: {'wet_level': 0.29}}",0.6181534434152235,3.2978532622938093,0.75
162.mp3,"{5: {'wet_level': 0.38}, 0: {'rate_hz': 11.17}, 1: {'delay_seconds': 4.6}, 4: {'depth': 0.49}}","{3: {'gain_db': -7.05}, 1: {'delay_seconds': 4.87}, 4: {'depth': 0.57}, 0: {'rate_hz': 2.3}, 5: {'wet_level': 0.48}}",0.46448388369505245,10.950676659464085,0.8
163.mp3,{3: {'gain_db': -5.04}},{3: {'gain_db': 6.3}},0.24601063829787229,0.1901605062035168,1.0
164.mp3,"{2: {'drive_db': 19.47}, 5: {'wet_level': 0.45}, 1: {'delay_seconds': 3.7}, 4: {'depth': 0.25}, 0: {'rate_hz': 3.21}, 3: {'gain_db': 1.78}}","{3: {'gain_db': 8.56}, 1: {'delay_seconds': 3.06}, 2: {'drive_db': 18.86}, 5: {'wet_level': 0.55}}",0.45906410846219015,0.7078025368826348,0.6666666666666666
165.mp3,"{0: {'rate_hz': 8.62}, 3: {'gain_db': -8.14}, 5: {'wet_level': 0.43}, 1: {'delay_seconds': 2.13}}","{0: {'rate_hz': 13.26}, 1: {'delay_seconds': 2.19}, 5: {'wet_level': 0.52}, 2: {'drive_db': 16.74}}",0.5450142160385243,0.6229244124984318,0.75
166.mp3,"{0: {'rate_hz': 13.84}, 2: {'drive_db': 18.89}, 4: {'depth': 0.43}, 3: {'gain_db': 3.91}, 1: {'delay_seconds': 3.92}}","{1: {'delay_seconds': 3.87}, 0: {'rate_hz': 13.24}, 4: {'depth': 0.4}, 3: {'gain_db': 3.26}}",0.7517967971589675,7.756128538934241,0.8
167.mp3,"{3: {'gain_db': 5.5}, 1: {'delay_seconds': 3.76}}","{3: {'gain_db': 6.89}, 1: {'delay_seconds': 3.78}}",0.9515381019167836,0.5838726198192402,1.0
168.mp3,"{2: {'drive_db': 7.11}, 3: {'gain_db': -4.33}}",{2: {'drive_db': 12.02}},0.30954228083785884,0.2312708415327613,0.5
169.mp3,"{5: {'wet_level': 0.57}, 0: {'rate_hz': 3.87}}","{5: {'wet_level': 0.59}, 0: {'rate_hz': 3.86}, 2: {'drive_db': 2.45}}",0.648441994381238,1.944681123532143,0.6666666666666666
170.mp3,"{3: {'gain_db': -9.92}, 2: {'drive_db': 16.34}, 1: {'delay_seconds': 3.04}, 4: {'depth': 0.27}, 0: {'rate_hz': 10.7}}","{4: {'depth': 0.42}, 1: {'delay_seconds': 2.84}, 3: {'gain_db': 5.13}, 0: {'rate_hz': 10.78}}",0.5367291637468891,15.048942978718255,0.8
171.mp3,"{0: {'rate_hz': 12.71}, 4: {'depth': 0.24}, 5: {'wet_level': 0.53}, 1: {'delay_seconds': 2.0}}","{2: {'drive_db': 10.34}, 3: {'gain_db': -6.21}, 5: {'wet_level': 0.27}, 1: {'delay_seconds': 2.28}, 4: {'depth': 0.31}, 0: {'rate_hz': 3.98}}",0.3631377969849362,0.7299901998829993,0.6666666666666666
172.mp3,"{3: {'gain_db': -5.13}, 2: {'drive_db': 18.71}, 1: {'delay_seconds': 2.62}}","{3: {'gain_db': -0.32}, 2: {'drive_db': 9.36}, 1: {'delay_seconds': 2.62}}",0.7180460850681258,0.3734894884603436,1.0
173.mp3,"{2: {'drive_db': 5.73}, 5: {'wet_level': 0.5}, 0: {'rate_hz': 4.36}, 4: {'depth': 0.32}, 3: {'gain_db': 0.75}}","{4: {'depth': 0.34}, 5: {'wet_level': 0.55}, 0: {'rate_hz': 3.77}, 2: {'drive_db': 8.68}}",0.7034907153196734,0.9294307928370784,0.8
174.mp3,"{1: {'delay_seconds': 1.83}, 0: {'rate_hz': 4.79}, 2: {'drive_db': 9.49}}","{0: {'rate_hz': 4.75}, 2: {'drive_db': 6.64}, 1: {'delay_seconds': 2.54}, 3: {'gain_db': -1.3}}",0.6255562684556714,1.4811111806457955,0.75
175.mp3,{3: {'gain_db': 3.47}},{3: {'gain_db': 3.5}},0.9977728285077951,0.4002367535882822,1.0
176.mp3,{4: {'depth': 0.33}},"{3: {'gain_db': -1.1}, 4: {'depth': 0.34}}",0.48148148148148145,0.0160581812123545,0.5
177.mp3,"{3: {'gain_db': -8.28}, 0: {'rate_hz': 15.78}, 2: {'drive_db': 5.27}, 1: {'delay_seconds': 3.76}}",{0: {'rate_hz': 6.02}},0.08491204330175914,0.6660922737070697,0.25
178.mp3,{4: {'depth': 0.57}},"{4: {'depth': 0.59}, 2: {'drive_db': 18.41}}",0.4729729729729729,0.3451931536068722,0.5
179.mp3,"{0: {'rate_hz': 17.02}, 5: {'wet_level': 0.38}}","{0: {'rate_hz': 16.96}, 3: {'gain_db': 2.0}, 5: {'wet_level': 0.37}, 2: {'drive_db': 13.71}}",0.48770003404834866,0.2156038767054857,0.5
180.mp3,"{2: {'drive_db': 9.38}, 5: {'wet_level': 0.57}, 0: {'rate_hz': 10.37}, 3: {'gain_db': -2.05}, 4: {'depth': 0.23}}","{0: {'rate_hz': 1.28}, 3: {'gain_db': -1.56}, 2: {'drive_db': 9.84}, 5: {'wet_level': 0.39}, 4: {'depth': 0.28}}",0.6700949486753924,0.272241289789224,1.0
181.mp3,"{1: {'delay_seconds': 1.64}, 5: {'wet_level': 0.25}}","{3: {'gain_db': 7.19}, 1: {'delay_seconds': 1.64}, 5: {'wet_level': 0.27}}",0.6476190476190475,0.8837423100471902,0.6666666666666666
182.mp3,"{4: {'depth': 0.52}, 2: {'drive_db': 1.36}, 3: {'gain_db': -1.03}, 1: {'delay_seconds': 2.58}, 0: {'rate_hz': 8.37}}","{4: {'depth': 0.46}, 1: {'delay_seconds': 4.78}, 0: {'rate_hz': 9.21}, 3: {'gain_db': -4.43}, 2: {'drive_db': 17.16}}",0.5350584760271634,5.613291220767582,1.0
183.mp3,"{3: {'gain_db': -0.28}, 0: {'rate_hz': 12.56}, 2: {'drive_db': 8.62}}","{2: {'drive_db': 19.93}, 0: {'rate_hz': 12.7}, 5: {'wet_level': 0.41}}",0.3313468052371367,0.6242124058322247,0.6666666666666666
184.mp3,{5: {'wet_level': 0.39}},"{5: {'wet_level': 0.41}, 2: {'drive_db': 8.21}, 3: {'gain_db': 9.37}}",0.3015873015873016,0.5111376204590625,0.3333333333333333
185.mp3,"{0: {'rate_hz': 4.65}, 1: {'delay_seconds': 4.8}, 5: {'wet_level': 0.26}, 4: {'depth': 0.6}, 2: {'drive_db': 11.93}, 3: {'gain_db': -4.48}}","{0: {'rate_hz': 3.71}, 5: {'wet_level': 0.39}, 3: {'gain_db': -1.38}}",0.39038681266953124,5.533678619631073,0.5
186.mp3,{5: {'wet_level': 0.27}},"{5: {'wet_level': 0.27}, 3: {'gain_db': 2.14}}",0.5,0.0238794264735192,0.5
187.mp3,"{1: {'delay_seconds': 2.51}, 0: {'rate_hz': 6.65}}","{0: {'rate_hz': 6.68}, 1: {'delay_seconds': 2.39}, 3: {'gain_db': 2.15}}",0.6498533459681423,8.424396516329644,0.6666666666666666
188.mp3,"{0: {'rate_hz': 10.81}, 2: {'drive_db': 7.46}}",{0: {'rate_hz': 11.18}},0.4811416921508665,2.2940836700616085,0.5
189.mp3,"{4: {'depth': 0.34}, 0: {'rate_hz': 18.29}, 1: {'delay_seconds': 2.41}, 3: {'gain_db': -6.19}, 2: {'drive_db': 5.19}}","{2: {'drive_db': 10.86}, 1: {'delay_seconds': 1.84}, 5: {'wet_level': 0.31}, 0: {'rate_hz': 2.3}}",0.2944522647568243,0.6003058595229643,0.6000000000000001
190.mp3,{4: {'depth': 0.22}},{4: {'depth': 0.22}},1.0,0.5062241283158768,1.0
191.mp3,{2: {'drive_db': 14.5}},"{2: {'drive_db': 15.45}, 3: {'gain_db': -3.42}}",0.46481481481481485,2.3759953893488004,0.5
192.mp3,"{0: {'rate_hz': 8.91}, 5: {'wet_level': 0.58}, 3: {'gain_db': 4.37}, 2: {'drive_db': 14.56}, 1: {'delay_seconds': 3.93}, 4: {'depth': 0.46}}","{0: {'rate_hz': 10.94}, 4: {'depth': 0.45}, 1: {'delay_seconds': 4.4}, 2: {'drive_db': 18.85}, 3: {'gain_db': 6.28}}",0.6947989393678545,0.9449283684903812,0.8333333333333333
193.mp3,{5: {'wet_level': 0.52}},"{5: {'wet_level': 0.52}, 2: {'drive_db': 6.47}}",0.5,0.0389869982077857,0.5
194.mp3,"{3: {'gain_db': 3.62}, 5: {'wet_level': 0.2}, 1: {'delay_seconds': 2.34}, 2: {'drive_db': 9.12}}","{3: {'gain_db': 3.1}, 1: {'delay_seconds': 2.35}, 5: {'wet_level': 0.25}}",0.7082653632981131,2.1256123200013564,0.75
195.mp3,"{2: {'drive_db': 1.49}, 0: {'rate_hz': 10.34}, 3: {'gain_db': -2.12}}","{0: {'rate_hz': 10.78}, 2: {'drive_db': 7.84}}",0.5371311797215539,4.968012645044757,0.6666666666666666
196.mp3,"{0: {'rate_hz': 12.32}, 2: {'drive_db': 9.52}, 3: {'gain_db': 3.07}, 5: {'wet_level': 0.21}, 1: {'delay_seconds': 1.5}}","{1: {'delay_seconds': 2.4}, 5: {'wet_level': 0.52}, 2: {'drive_db': 18.83}, 4: {'depth': 0.52}, 0: {'rate_hz': 16.31}}",0.3414306142252357,0.5622866355095976,0.8
197.mp3,{4: {'depth': 0.42}},{4: {'depth': 0.44}},0.909090909090909,0.006291556676735,1.0
198.mp3,"{0: {'rate_hz': 13.01}, 3: {'gain_db': 8.49}, 1: {'delay_seconds': 3.65}, 4: {'depth': 0.49}, 2: {'drive_db': 19.5}, 5: {'wet_level': 0.43}}","{0: {'rate_hz': 14.69}, 4: {'depth': 0.44}, 3: {'gain_db': 7.1}, 1: {'delay_seconds': 4.06}, 5: {'wet_level': 0.21}, 2: {'drive_db': 4.36}}",0.6138183178490335,8.99012350887657,0.9999999999999999
199.mp3,"{0: {'rate_hz': 17.82}, 1: {'delay_seconds': 3.27}, 3: {'gain_db': -3.31}, 4: {'depth': 0.39}}","{1: {'delay_seconds': 3.34}, 4: {'depth': 0.36}, 0: {'rate_hz': 2.7}, 5: {'wet_level': 0.26}, 2: {'drive_db': 10.25}}",0.3854752014630909,13.180064465404202,0.6000000000000001
200.mp3,"{4: {'depth': 0.26}, 2: {'drive_db': 1.88}, 0: {'rate_hz': 5.5}, 5: {'wet_level': 0.33}, 3: {'gain_db': -5.13}, 1: {'delay_seconds': 4.52}}","{3: {'gain_db': 7.59}, 4: {'depth': 0.57}, 1: {'delay_seconds': 3.89}, 0: {'rate_hz': 3.84}, 5: {'wet_level': 0.4}, 2: {'drive_db': 2.46}}",0.610465559978836,5.815185453769275,0.9999999999999999
201.mp3,"{5: {'wet_level': 0.36}, 4: {'depth': 0.42}}","{5: {'wet_level': 0.38}, 4: {'depth': 0.44}, 2: {'drive_db': 12.92}}",0.6085858585858586,3.843954481246729,0.6666666666666666
202.mp3,{3: {'gain_db': 2.72}},{3: {'gain_db': 2.54}},0.9858490566037735,0.0657953541581003,1.0
203.mp3,"{0: {'rate_hz': 5.22}, 1: {'delay_seconds': 3.84}, 2: {'drive_db': 19.37}, 3: {'gain_db': 9.49}, 4: {'depth': 0.46}}","{0: {'rate_hz': 7.79}, 2: {'drive_db': 3.12}, 3: {'gain_db': -1.42}, 4: {'depth': 0.39}, 1: {'delay_seconds': 3.69}}",0.6119400024336225,14.136035013899091,1.0
204.mp3,"{2: {'drive_db': 7.84}, 0: {'rate_hz': 3.12}, 4: {'depth': 0.22}}","{4: {'depth': 0.26}, 0: {'rate_hz': 3.09}}",0.6309865303068096,8.524644094012656,0.6666666666666666
205.mp3,{1: {'delay_seconds': 3.87}},"{1: {'delay_seconds': 3.87}, 2: {'drive_db': 7.58}}",0.5,3.6314135507643046,0.5
206.mp3,"{1: {'delay_seconds': 2.08}, 4: {'depth': 0.26}, 0: {'rate_hz': 16.78}, 3: {'gain_db': 4.54}, 5: {'wet_level': 0.33}, 2: {'drive_db': 17.32}}","{1: {'delay_seconds': 2.1}, 4: {'depth': 0.22}, 2: {'drive_db': 18.31}, 0: {'rate_hz': 14.84}, 3: {'gain_db': 1.97}, 5: {'wet_level': 0.41}}",0.8698085585853459,10.76841422180276,0.9999999999999999
207.mp3,"{4: {'depth': 0.33}, 0: {'rate_hz': 10.54}, 1: {'delay_seconds': 4.71}, 2: {'drive_db': 19.6}}","{2: {'drive_db': 3.02}, 1: {'delay_seconds': 4.7}, 0: {'rate_hz': 9.15}, 4: {'depth': 0.25}, 3: {'gain_db': 8.29}}",0.5327816260743833,4.619866828312966,0.8
208.mp3,"{0: {'rate_hz': 6.87}, 4: {'depth': 0.22}, 2: {'drive_db': 18.73}}","{5: {'wet_level': 0.36}, 4: {'depth': 0.43}}",0.14912280701754388,0.0410800065889581,0.3333333333333333
209.mp3,{0: {'rate_hz': 4.52}},"{0: {'rate_hz': 4.19}, 2: {'drive_db': 9.82}}",0.48934108527131787,4.169632242304505,0.5
210.mp3,"{5: {'wet_level': 0.4}, 1: {'delay_seconds': 1.5}}","{5: {'wet_level': 0.31}, 3: {'gain_db': -8.48}, 1: {'delay_seconds': 1.5}, 2: {'drive_db': 7.16}}",0.38749999999999996,6.279628820800691,0.5
211.mp3,{5: {'wet_level': 0.27}},"{5: {'wet_level': 0.28}, 3: {'gain_db': 2.62}, 2: {'drive_db': 5.43}}",0.3232323232323232,0.373412034859275,0.3333333333333333
212.mp3,"{4: {'depth': 0.37}, 0: {'rate_hz': 17.54}, 3: {'gain_db': -0.32}, 1: {'delay_seconds': 2.42}, 2: {'drive_db': 11.73}}","{0: {'rate_hz': 1.13}, 1: {'delay_seconds': 2.92}, 4: {'depth': 0.32}, 3: {'gain_db': -2.76}}",0.47204717429817467,0.9237971330574354,0.8
213.mp3,"{3: {'gain_db': 2.1}, 1: {'delay_seconds': 1.1}, 5: {'wet_level': 0.32}}","{1: {'delay_seconds': 1.1}, 5: {'wet_level': 0.33}, 3: {'gain_db': 9.76}}",0.7770759543486816,0.9829137971168532,1.0
214.mp3,"{4: {'depth': 0.6}, 2: {'drive_db': 12.7}, 0: {'rate_hz': 4.41}, 3: {'gain_db': -3.62}, 5: {'wet_level': 0.43}, 1: {'delay_seconds': 2.37}}","{5: {'wet_level': 0.54}, 3: {'gain_db': 5.36}, 2: {'drive_db': 16.57}, 1: {'delay_seconds': 3.93}, 4: {'depth': 0.27}, 0: {'rate_hz': 1.12}}",0.48374279501517353,0.9605505672088778,0.9999999999999999
215.mp3,"{2: {'drive_db': 13.81}, 4: {'depth': 0.5}, 3: {'gain_db': -5.79}}",{4: {'depth': 0.47}},0.29999999999999993,0.6242725482453372,0.3333333333333333
216.mp3,"{1: {'delay_seconds': 3.14}, 4: {'depth': 0.53}, 0: {'rate_hz': 10.65}, 3: {'gain_db': -1.53}, 2: {'drive_db': 10.25}, 5: {'wet_level': 0.46}}","{5: {'wet_level': 0.28}, 1: {'delay_seconds': 4.74}, 4: {'depth': 0.45}, 3: {'gain_db': 3.28}}",0.31673865343852614,0.6610328351657364,0.6666666666666666
217.mp3,"{4: {'depth': 0.59}, 1: {'delay_seconds': 1.6}, 5: {'wet_level': 0.51}, 0: {'rate_hz': 13.54}, 2: {'drive_db': 8.3}, 3: {'gain_db': -8.92}}","{4: {'depth': 0.56}, 5: {'wet_level': 0.46}, 1: {'delay_seconds': 2.69}, 0: {'rate_hz': 13.04}, 2: {'drive_db': 18.58}, 3: {'gain_db': 5.53}}",,4.473390180817635
218.mp3,"{3: {'gain_db': -6.85}, 4: {'depth': 0.59}, 0: {'rate_hz': 18.76}, 2: {'drive_db': 18.64}, 5: {'wet_level': 0.47}, 1: {'delay_seconds': 2.43}}","{4: {'depth': 0.52}, 0: {'rate_hz': 17.69}, 5: {'wet_level': 0.43}, 1: {'delay_seconds': 2.46}, 2: {'drive_db': 10.04}}",,11.451892021508911
219.mp3,{2: {'drive_db': 4.84}},{2: {'drive_db': 8.57}},,0.43001915114900563
220.mp3,"{4: {'depth': 0.38}, 2: {'drive_db': 12.17}, 0: {'rate_hz': 14.95}, 3: {'gain_db': 1.61}, 1: {'delay_seconds': 4.88}}","{4: {'depth': 0.41}, 0: {'rate_hz': 15.08}, 1: {'delay_seconds': 4.9}, 3: {'gain_db': 1.54}, 2: {'drive_db': 17.6}}",,4.727523569550548
221.mp3,"{3: {'gain_db': 3.87}, 2: {'drive_db': 14.35}, 5: {'wet_level': 0.6}, 0: {'rate_hz': 1.92}, 1: {'delay_seconds': 4.66}}","{2: {'drive_db': 17.42}, 0: {'rate_hz': 7.0}, 1: {'delay_seconds': 1.29}, 4: {'depth': 0.25}, 3: {'gain_db': 0.59}, 5: {'wet_level': 0.36}}",,0.30602534241204676
222.mp3,"{5: {'wet_level': 0.33}, 3: {'gain_db': -6.77}, 2: {'drive_db': 19.5}}","{5: {'wet_level': 0.34}, 2: {'drive_db': 15.58}}",,0.878524244412471
223.mp3,"{2: {'drive_db': 1.38}, 0: {'rate_hz': 15.29}, 3: {'gain_db': -8.51}, 4: {'depth': 0.27}, 5: {'wet_level': 0.41}}","{2: {'drive_db': 17.55}, 0: {'rate_hz': 14.47}, 3: {'gain_db': 8.62}}",,13.534593828070207
224.mp3,"{1: {'delay_seconds': 2.49}, 2: {'drive_db': 13.48}, 5: {'wet_level': 0.6}}","{1: {'delay_seconds': 2.86}, 5: {'wet_level': 0.51}, 2: {'drive_db': 15.07}, 3: {'gain_db': -7.92}, 4: {'depth': 0.45}, 0: {'rate_hz': 1.25}}",,0.17073768223196845
225.mp3,"{0: {'rate_hz': 19.38}, 2: {'drive_db': 2.68}}","{1: {'delay_seconds': 4.72}, 2: {'drive_db': 4.98}, 4: {'depth': 0.58}, 5: {'wet_level': 0.24}, 3: {'gain_db': 9.8}}",,0.0599230736382955
226.mp3,"{2: {'drive_db': 19.71}, 5: {'wet_level': 0.52}}","{2: {'drive_db': 1.78}, 5: {'wet_level': 0.26}, 1: {'delay_seconds': 2.5}}",,0.9752750290335717
227.mp3,"{2: {'drive_db': 19.23}, 4: {'depth': 0.55}, 0: {'rate_hz': 14.6}, 1: {'delay_seconds': 4.24}, 3: {'gain_db': 1.72}}","{2: {'drive_db': 19.21}, 1: {'delay_seconds': 1.86}, 5: {'wet_level': 0.31}, 4: {'depth': 0.22}, 0: {'rate_hz': 3.88}}",,0.9732444911245443
228.mp3,"{0: {'rate_hz': 6.48}, 2: {'drive_db': 8.76}, 5: {'wet_level': 0.2}, 1: {'delay_seconds': 3.9}, 4: {'depth': 0.23}, 3: {'gain_db': 6.67}}","{1: {'delay_seconds': 3.86}, 0: {'rate_hz': 5.27}, 3: {'gain_db': 2.24}, 4: {'depth': 0.28}}",,2.7571864394294585
229.mp3,{1: {'delay_seconds': 3.22}},{1: {'delay_seconds': 3.22}},,0.9051237492882684
230.mp3,"{4: {'depth': 0.23}, 1: {'delay_seconds': 3.31}, 3: {'gain_db': 7.54}, 0: {'rate_hz': 13.86}, 5: {'wet_level': 0.43}, 2: {'drive_db': 2.03}}","{0: {'rate_hz': 12.8}, 4: {'depth': 0.24}, 5: {'wet_level': 0.53}, 1: {'delay_seconds': 3.25}, 3: {'gain_db': 2.79}, 2: {'drive_db': 10.72}}",,7.41457965931044
231.mp3,{5: {'wet_level': 0.31}},"{3: {'gain_db': -5.08}, 5: {'wet_level': 0.35}}",,0.06319054452842925
232.mp3,"{0: {'rate_hz': 12.86}, 5: {'wet_level': 0.58}, 2: {'drive_db': 10.59}, 3: {'gain_db': 1.98}, 4: {'depth': 0.25}}","{0: {'rate_hz': 13.6}, 5: {'wet_level': 0.46}, 4: {'depth': 0.22}}",,4.042314627514364
233.mp3,"{3: {'gain_db': 7.58}, 4: {'depth': 0.44}, 0: {'rate_hz': 15.1}, 1: {'delay_seconds': 3.54}}","{1: {'delay_seconds': 4.94}, 0: {'rate_hz': 13.34}, 4: {'depth': 0.52}}",,1.9293042243936553
234.mp3,"{3: {'gain_db': -1.5}, 4: {'depth': 0.37}, 1: {'delay_seconds': 3.17}}","{4: {'depth': 0.37}, 1: {'delay_seconds': 3.17}}",,3.7045530576129098
235.mp3,"{3: {'gain_db': 4.0}, 2: {'drive_db': 6.63}, 5: {'wet_level': 0.47}, 4: {'depth': 0.47}}","{5: {'wet_level': 0.53}, 4: {'depth': 0.47}, 3: {'gain_db': -6.57}, 2: {'drive_db': 12.57}}",,4.885548758515862
236.mp3,"{5: {'wet_level': 0.39}, 0: {'rate_hz': 18.82}}","{2: {'drive_db': 2.8}, 0: {'rate_hz': 8.18}, 3: {'gain_db': -6.82}, 5: {'wet_level': 0.4}}",,0.14154322619194296
237.mp3,"{0: {'rate_hz': 13.83}, 2: {'drive_db': 12.57}, 3: {'gain_db': -1.54}}",{0: {'rate_hz': 16.53}},,0.5197950746969809
238.mp3,"{0: {'rate_hz': 10.4}, 5: {'wet_level': 0.55}, 2: {'drive_db': 1.84}, 3: {'gain_db': -6.28}, 4: {'depth': 0.44}}","{0: {'rate_hz': 10.62}, 5: {'wet_level': 0.35}, 4: {'depth': 0.52}}",,2.2850047673039366
239.mp3,"{4: {'depth': 0.48}, 5: {'wet_level': 0.48}, 0: {'rate_hz': 5.33}, 2: {'drive_db': 16.63}, 1: {'delay_seconds': 3.64}, 3: {'gain_db': -3.47}}","{4: {'depth': 0.47}, 1: {'delay_seconds': 3.61}, 5: {'wet_level': 0.35}, 2: {'drive_db': 14.09}, 0: {'rate_hz': 6.34}, 3: {'gain_db': 2.07}}",,5.874061293813356
240.mp3,"{4: {'depth': 0.25}, 1: {'delay_seconds': 3.79}, 2: {'drive_db': 11.73}}","{4: {'depth': 0.24}, 1: {'delay_seconds': 3.83}, 2: {'drive_db': 6.55}}",,2.59578787932715
241.mp3,"{4: {'depth': 0.21}, 3: {'gain_db': -5.32}, 5: {'wet_level': 0.3}, 0: {'rate_hz': 19.8}}","{0: {'rate_hz': 19.3}, 4: {'depth': 0.25}, 2: {'drive_db': 1.99}}",,16.653378698040292
242.mp3,"{3: {'gain_db': 8.9}, 1: {'delay_seconds': 2.98}}","{3: {'gain_db': -8.99}, 1: {'delay_seconds': 2.98}}",,0.5573394984524916
243.mp3,"{1: {'delay_seconds': 1.07}, 0: {'rate_hz': 17.1}, 3: {'gain_db': -4.68}, 2: {'drive_db': 16.03}, 5: {'wet_level': 0.36}}","{1: {'delay_seconds': 1.05}, 3: {'gain_db': -9.25}, 0: {'rate_hz': 19.24}, 5: {'wet_level': 0.32}, 2: {'drive_db': 18.9}}",,0.6977312166719669
244.mp3,"{3: {'gain_db': -6.12}, 2: {'drive_db': 4.04}, 0: {'rate_hz': 9.99}}","{4: {'depth': 0.27}, 3: {'gain_db': 7.73}, 2: {'drive_db': 10.46}, 0: {'rate_hz': 17.62}}",,0.42364995272246647
245.mp3,"{4: {'depth': 0.37}, 5: {'wet_level': 0.26}, 0: {'rate_hz': 13.38}, 1: {'delay_seconds': 4.08}, 3: {'gain_db': -4.84}}","{2: {'drive_db': 4.8}, 0: {'rate_hz': 13.94}, 4: {'depth': 0.33}, 1: {'delay_seconds': 4.08}}",,6.120404843980543
246.mp3,"{1: {'delay_seconds': 2.35}, 2: {'drive_db': 11.72}}",{1: {'delay_seconds': 2.35}},,0.2650899315512298
247.mp3,"{4: {'depth': 0.22}, 5: {'wet_level': 0.42}, 2: {'drive_db': 17.16}}","{5: {'wet_level': 0.46}, 4: {'depth': 0.35}}",,0.0582635324868976
248.mp3,"{3: {'gain_db': -2.23}, 4: {'depth': 0.46}}","{4: {'depth': 0.5}, 3: {'gain_db': -0.23}, 2: {'drive_db': 5.28}}",,5.657092676814192
249.mp3,"{4: {'depth': 0.22}, 2: {'drive_db': 11.32}, 1: {'delay_seconds': 2.85}, 0: {'rate_hz': 7.28}}","{4: {'depth': 0.5}, 3: {'gain_db': -6.14}, 1: {'delay_seconds': 2.23}, 0: {'rate_hz': 13.39}, 2: {'drive_db': 2.95}}",,0.6310440477535615
